Ac_bau_1656_2_GCF_000188215_1_WP_001294942	440.2	Hsp90_protein
Ac_bau_AB0057_GCF_000021245_2_WP_001294933	440.2	Hsp90_protein
Ac_bau_AB307_0294_GCF_002803025_2_WP_001294933	440.2	Hsp90_protein
Ac_bau_ACICU_GCF_000018445_1_WP_001294942	440.2	Hsp90_protein
Ac_bau_ACICU_GCF_005519135_2_WP_001294942	440.2	Hsp90_protein
Ac_bau_ATCC_17978_GCF_004797155_2_WP_001294942	440.2	Hsp90_protein
Ac_bau_ATCC_17978_GCF_013372085_1_WP_001294942	440.2	Hsp90_protein
Ac_bau_ATCC_19606_CIP_70_34_JCM_6841_GCF_019331655_1_WP_001294941	440.2	Hsp90_protein
Ac_bau_AYE_GCF_000069245_1_WP_001294933	440.2	Hsp90_protein
Ac_bau_BJAB07104_GCF_000419385_1_WP_001294942	440.2	Hsp90_protein
Ac_bau_BJAB0715_GCF_000419405_1_WP_001294946	438.6	Hsp90_protein
Ac_bau_BJAB0868_GCF_000419425_1_WP_001294942	440.2	Hsp90_protein
Ac_bau_D1279779_GCF_000186665_3_WP_001294937	439.6	Hsp90_protein
Ac_bau_DU202_GCF_000498375_2_WP_001294942	440.2	Hsp90_protein
Ac_bau_GCF_000695855_3_WP_001294942	440.2	Hsp90_protein
Ac_bau_GCF_000746605_1_WP_001294941	440.2	Hsp90_protein
Ac_bau_GCF_000746645_1_WP_001294945	439.3	Hsp90_protein
Ac_bau_GCF_000761175_1_WP_001294945	439.3	Hsp90_protein
Ac_bau_GCF_000814345_1_WP_001294944	438.1	Hsp90_protein
Ac_bau_GCF_000828935_1_WP_045544622	440.3	Hsp90_protein
Ac_bau_GCF_000830055_1_WP_001294933	440.2	Hsp90_protein
Ac_bau_GCF_000939415_2_WP_001294942	440.2	Hsp90_protein
Ac_bau_GCF_000963815_1_WP_001294933	440.2	Hsp90_protein
Ac_bau_GCF_001026965_1_WP_001294942	440.2	Hsp90_protein
Ac_bau_GCF_001077555_2_WP_001294940	440.5	Hsp90_protein
Ac_bau_GCF_001077655_1_WP_001294946	438.6	Hsp90_protein
Ac_bau_GCF_001077675_1_WP_001294942	440.2	Hsp90_protein
Ac_bau_GCF_001077965_2_WP_046128139	440.5	Hsp90_protein
Ac_bau_GCF_001261895_2_WP_001294937	439.6	Hsp90_protein
Ac_bau_GCF_001399655_1_WP_001294933	440.2	Hsp90_protein
Ac_bau_GCF_001457535_1_WP_001294940	440.5	Hsp90_protein
Ac_bau_GCF_001514375_1_WP_001294942	440.2	Hsp90_protein
Ac_bau_GCF_001517645_1_WP_001294940	440.5	Hsp90_protein
Ac_bau_GCF_001543995_1_WP_001294942	440.2	Hsp90_protein
Ac_bau_GCF_001573065_1_WP_001294942	440.2	Hsp90_protein
Ac_bau_GCF_001573085_1_WP_001294942	440.2	Hsp90_protein
Ac_bau_GCF_001573105_1_WP_001294942	440.2	Hsp90_protein
Ac_bau_GCF_001573125_1_WP_001294942	440.2	Hsp90_protein
Ac_bau_GCF_001578145_1_WP_001294946	438.6	Hsp90_protein
Ac_bau_GCF_001593425_2_WP_001294942	440.2	Hsp90_protein
Ac_bau_GCF_001636235_1_WP_001294945	439.3	Hsp90_protein
Ac_bau_GCF_001668465_2_WP_001294934	440.2	Hsp90_protein
Ac_bau_GCF_001669145_2_WP_001294934	440.2	Hsp90_protein
Ac_bau_GCF_001674475_2_WP_001294934	440.2	Hsp90_protein
Ac_bau_GCF_001674505_2_WP_001294934	440.2	Hsp90_protein
Ac_bau_GCF_001721705_1_WP_001294942	440.2	Hsp90_protein
Ac_bau_GCF_001806345_1_WP_001294942	440.2	Hsp90_protein
Ac_bau_GCF_001806365_1_WP_001294942	440.2	Hsp90_protein
Ac_bau_GCF_001806385_1_WP_001294942	440.2	Hsp90_protein
Ac_bau_GCF_001806405_1_WP_001294942	440.2	Hsp90_protein
Ac_bau_GCF_001806425_1_WP_001294942	440.2	Hsp90_protein
Ac_bau_GCF_001806445_1_WP_001294942	440.2	Hsp90_protein
Ac_bau_GCF_001806465_1_WP_001294942	440.2	Hsp90_protein
Ac_bau_GCF_001806485_1_WP_001294942	440.2	Hsp90_protein
Ac_bau_GCF_001887305_1_WP_001294942	440.2	Hsp90_protein
Ac_bau_GCF_001895125_2_WP_001294941	440.2	Hsp90_protein
Ac_bau_GCF_001895985_1_WP_001294942	440.2	Hsp90_protein
Ac_bau_GCF_001896005_1_WP_001294945	439.3	Hsp90_protein
Ac_bau_GCF_001902375_1_WP_001294942	440.2	Hsp90_protein
Ac_bau_GCF_001908295_1_WP_001294946	438.6	Hsp90_protein
Ac_bau_GCF_001922205_1_WP_001294942	440.2	Hsp90_protein
Ac_bau_GCF_001922225_1_WP_001294942	440.2	Hsp90_protein
Ac_bau_GCF_001922245_1_WP_001294942	440.2	Hsp90_protein
Ac_bau_GCF_001941765_1_WP_001294942	440.2	Hsp90_protein
Ac_bau_GCF_002082625_2_WP_001294942	440.2	Hsp90_protein
Ac_bau_GCF_002082645_1_WP_001294942	440.2	Hsp90_protein
Ac_bau_GCF_002082685_1_WP_001294942	440.2	Hsp90_protein
Ac_bau_GCF_002082705_1_WP_001294942	440.2	Hsp90_protein
Ac_bau_GCF_002082725_1_WP_001294942	440.2	Hsp90_protein
Ac_bau_GCF_002082745_1_WP_001294942	440.2	Hsp90_protein
Ac_bau_GCF_002082785_1_WP_001294942	440.2	Hsp90_protein
Ac_bau_GCF_002082805_1_WP_001294946	438.6	Hsp90_protein
Ac_bau_GCF_002082825_1_WP_001294933	440.2	Hsp90_protein
Ac_bau_GCF_002082845_1_WP_001294942	440.2	Hsp90_protein
Ac_bau_GCF_002082865_1_WP_001294942	440.2	Hsp90_protein
Ac_bau_GCF_002082885_1_WP_001294942	440.2	Hsp90_protein
Ac_bau_GCF_002116925_1_WP_001294941	440.2	Hsp90_protein
Ac_bau_GCF_002210065_1_WP_001294933	440.2	Hsp90_protein
Ac_bau_GCF_002504145_1_WP_001294940	440.5	Hsp90_protein
Ac_bau_GCF_002741415_1_WP_001294933	440.2	Hsp90_protein
Ac_bau_GCF_002753915_1_WP_001294942	440.2	Hsp90_protein
Ac_bau_GCF_002761575_1_WP_001294942	440.2	Hsp90_protein
Ac_bau_GCF_002762095_1_WP_001294942	440.2	Hsp90_protein
Ac_bau_GCF_002762115_1_WP_001294942	440.2	Hsp90_protein
Ac_bau_GCF_002762155_1_WP_001294942	440.2	Hsp90_protein
Ac_bau_GCF_002843665_1_WP_001294942	440.2	Hsp90_protein
Ac_bau_GCF_002902885_1_WP_001294940	440.5	Hsp90_protein
Ac_bau_GCF_002947415_1_WP_001294942	440.2	Hsp90_protein
Ac_bau_GCF_002947845_1_WP_001294945	439.3	Hsp90_protein
Ac_bau_GCF_002948925_1_WP_001294933	440.2	Hsp90_protein
Ac_bau_GCF_002950495_2_WP_001294942	440.2	Hsp90_protein
Ac_bau_GCF_002996805_1_WP_001294933	440.2	Hsp90_protein
Ac_bau_GCF_002999195_2_WP_001294933	440.2	Hsp90_protein
Ac_bau_GCF_003006035_1_WP_001294942	440.2	Hsp90_protein
Ac_bau_GCF_003010655_1_WP_001294942	440.2	Hsp90_protein
Ac_bau_GCF_003010675_1_WP_001294945	439.3	Hsp90_protein
Ac_bau_GCF_003029495_1_WP_001294942	440.2	Hsp90_protein
Ac_bau_GCF_003181015_1_WP_001294942	440.2	Hsp90_protein
Ac_bau_GCF_003264255_1_WP_001294942	440.2	Hsp90_protein
Ac_bau_GCF_003264275_1_WP_001294942	440.2	Hsp90_protein
Ac_bau_GCF_003264295_1_WP_001294942	440.2	Hsp90_protein
Ac_bau_GCF_003288775_1_WP_001294942	440.2	Hsp90_protein
Ac_bau_GCF_003296225_1_WP_001294933	440.2	Hsp90_protein
Ac_bau_GCF_003345235_1_WP_001294945	439.3	Hsp90_protein
Ac_bau_GCF_003431385_1_WP_001294942	440.2	Hsp90_protein
Ac_bau_GCF_003431865_1_WP_086379214	438.1	Hsp90_protein
Ac_bau_GCF_003516005_1_WP_001294942	440.2	Hsp90_protein
Ac_bau_GCF_003522665_1_WP_001294945	439.3	Hsp90_protein
Ac_bau_GCF_003522705_1_WP_001294946	438.6	Hsp90_protein
Ac_bau_GCF_003522785_1_WP_001294942	440.2	Hsp90_protein
Ac_bau_GCF_003522845_1_WP_001294933	440.2	Hsp90_protein
Ac_bau_GCF_003522885_1_WP_001294942	440.2	Hsp90_protein
Ac_bau_GCF_003547115_1_WP_086379214	438.1	Hsp90_protein
Ac_bau_GCF_003591615_1_WP_001294942	440.2	Hsp90_protein
Ac_bau_GCF_003812065_1_WP_046128139	440.5	Hsp90_protein
Ac_bau_GCF_003812385_1_WP_123793907	440.3	Hsp90_protein
Ac_bau_GCF_003812485_1_WP_001294945	439.3	Hsp90_protein
Ac_bau_GCF_003931755_1_WP_001294942	440.2	Hsp90_protein
Ac_bau_GCF_003931775_1_WP_001294942	440.2	Hsp90_protein
Ac_bau_GCF_003948085_2_WP_001294937	439.6	Hsp90_protein
Ac_bau_GCF_003948455_2_WP_001294942	440.2	Hsp90_protein
Ac_bau_GCF_003948535_2_WP_001294942	440.2	Hsp90_protein
Ac_bau_GCF_003949115_2_WP_001294937	439.6	Hsp90_protein
Ac_bau_GCF_003949595_2_WP_001294942	440.2	Hsp90_protein
Ac_bau_GCF_003949725_2_WP_001294937	439.6	Hsp90_protein
Ac_bau_GCF_004028375_1_WP_001294942	440.2	Hsp90_protein
Ac_bau_GCF_004101685_1_WP_001294942	440.2	Hsp90_protein
Ac_bau_GCF_004101705_1_WP_001294942	440.2	Hsp90_protein
Ac_bau_GCF_004101725_1_WP_001294942	440.2	Hsp90_protein
Ac_bau_GCF_004101745_1_WP_001294942	440.2	Hsp90_protein
Ac_bau_GCF_004136355_1_WP_001294942	440.2	Hsp90_protein
Ac_bau_GCF_004194555_1_WP_001294941	440.2	Hsp90_protein
Ac_bau_GCF_004564095_1_WP_001294942	440.2	Hsp90_protein
Ac_bau_GCF_004564115_1_WP_001294942	440.2	Hsp90_protein
Ac_bau_GCF_004758865_1_WP_001294946	438.6	Hsp90_protein
Ac_bau_GCF_004768705_1_WP_001294944	438.1	Hsp90_protein
Ac_bau_GCF_005280375_1_WP_001294942	440.2	Hsp90_protein
Ac_bau_GCF_005280435_1_WP_045544622	440.3	Hsp90_protein
Ac_bau_GCF_005280675_1_WP_137344808	437.9	Hsp90_protein
Ac_bau_GCF_005280695_1_WP_001294942	440.2	Hsp90_protein
Ac_bau_GCF_005280715_1_WP_001294942	440.2	Hsp90_protein
Ac_bau_GCF_005518095_1_WP_001294942	440.2	Hsp90_protein
Ac_bau_GCF_005671375_1_WP_001294942	440.2	Hsp90_protein
Ac_bau_GCF_006385075_1_WP_059247003	440.2	Hsp90_protein
Ac_bau_GCF_007107525_1_WP_032007400	440.0	Hsp90_protein
Ac_bau_GCF_007221455_1_WP_001294942	440.2	Hsp90_protein
Ac_bau_GCF_007647215_1_WP_001294942	440.2	Hsp90_protein
Ac_bau_GCF_008033255_2_WP_001294934	440.2	Hsp90_protein
Ac_bau_GCF_008124045_1_WP_001294936	439.9	Hsp90_protein
Ac_bau_GCF_008244865_1_WP_001294942	440.2	Hsp90_protein
Ac_bau_GCF_008244885_1_WP_001294942	440.2	Hsp90_protein
Ac_bau_GCF_008244905_1_WP_001294942	440.2	Hsp90_protein
Ac_bau_GCF_008630895_1_WP_001294942	440.2	Hsp90_protein
Ac_bau_GCF_008632635_1_WP_045544622	440.3	Hsp90_protein
Ac_bau_GCF_008802935_1_WP_001294941	440.2	Hsp90_protein
Ac_bau_GCF_008807055_1_WP_001294942	440.2	Hsp90_protein
Ac_bau_GCF_008931365_1_WP_001294942	440.2	Hsp90_protein
Ac_bau_GCF_009035845_1_WP_001294941	440.2	Hsp90_protein
Ac_bau_GCF_009455505_1_WP_001294942	440.2	Hsp90_protein
Ac_bau_GCF_009497995_1_WP_001294945	439.3	Hsp90_protein
Ac_bau_GCF_009498335_1_WP_001294942	440.2	Hsp90_protein
Ac_bau_GCF_009740145_1_WP_001294937	439.6	Hsp90_protein
Ac_bau_GCF_009759685_1_WP_001294941	440.2	Hsp90_protein
Ac_bau_GCF_009833005_1_WP_001294942	440.2	Hsp90_protein
Ac_bau_GCF_011067065_1_WP_001294942	440.2	Hsp90_protein
Ac_bau_GCF_012272715_1_WP_001294942	440.2	Hsp90_protein
Ac_bau_GCF_012272735_1_WP_001294942	440.2	Hsp90_protein
Ac_bau_GCF_012272755_1_WP_001294942	440.2	Hsp90_protein
Ac_bau_GCF_012272775_1_WP_001294942	440.2	Hsp90_protein
Ac_bau_GCF_012272795_1_WP_001294942	440.2	Hsp90_protein
Ac_bau_GCF_012931605_1_WP_169040919	439.1	Hsp90_protein
Ac_bau_GCF_012931625_1_WP_001294941	440.2	Hsp90_protein
Ac_bau_GCF_012931645_1_WP_001294941	440.2	Hsp90_protein
Ac_bau_GCF_012931665_1_WP_001294942	440.2	Hsp90_protein
Ac_bau_GCF_012934905_1_WP_001294942	440.2	Hsp90_protein
Ac_bau_GCF_012934925_1_WP_001294942	440.2	Hsp90_protein
Ac_bau_GCF_012934945_1_WP_001294942	440.2	Hsp90_protein
Ac_bau_GCF_012934965_1_WP_001294942	440.2	Hsp90_protein
Ac_bau_GCF_012934985_1_WP_001294942	440.2	Hsp90_protein
Ac_bau_GCF_012935005_1_WP_001294933	440.2	Hsp90_protein
Ac_bau_GCF_012935025_1_WP_001294942	440.2	Hsp90_protein
Ac_bau_GCF_012935045_1_WP_001294942	440.2	Hsp90_protein
Ac_bau_GCF_012935065_1_WP_001294942	440.2	Hsp90_protein
Ac_bau_GCF_012935085_1_WP_001294946	438.6	Hsp90_protein
Ac_bau_GCF_012935105_1_WP_001294946	438.6	Hsp90_protein
Ac_bau_GCF_012935125_1_WP_001294946	438.6	Hsp90_protein
Ac_bau_GCF_012935145_1_WP_001294942	440.2	Hsp90_protein
Ac_bau_GCF_012935165_1_WP_001294942	440.2	Hsp90_protein
Ac_bau_GCF_012935185_1_WP_001294942	440.2	Hsp90_protein
Ac_bau_GCF_012974585_1_WP_001294946	438.6	Hsp90_protein
Ac_bau_GCF_012974845_1_WP_001294942	440.2	Hsp90_protein
Ac_bau_GCF_013305465_1_WP_001294942	440.2	Hsp90_protein
Ac_bau_GCF_013376855_2_WP_001294944	438.1	Hsp90_protein
Ac_bau_GCF_013377175_1_WP_032031403	437.8	Hsp90_protein
Ac_bau_GCF_013394265_1_WP_140951853	440.7	Hsp90_protein
Ac_bau_GCF_013394285_1_WP_001294937	439.6	Hsp90_protein
Ac_bau_GCF_013416255_1_WP_001294942	440.2	Hsp90_protein
Ac_bau_GCF_013416275_1_WP_001294940	440.5	Hsp90_protein
Ac_bau_GCF_013787185_1_WP_001294941	440.2	Hsp90_protein
Ac_bau_GCF_014159355_1_WP_001294940	440.5	Hsp90_protein
Ac_bau_GCF_014169655_1_WP_016685531	440.7	Hsp90_protein
Ac_bau_GCF_014171935_1_WP_005079391	439.5	Hsp90_protein
Ac_bau_GCF_014267385_1_WP_001294942	440.2	Hsp90_protein
Ac_bau_GCF_014322245_1_WP_001294940	440.5	Hsp90_protein
Ac_bau_GCF_014672735_1_WP_001294942	440.2	Hsp90_protein
Ac_bau_GCF_014672755_1_WP_001294941	440.2	Hsp90_protein
Ac_bau_GCF_014672775_1_WP_001294942	440.2	Hsp90_protein
Ac_bau_GCF_014705785_1_WP_001294942	440.2	Hsp90_protein
Ac_bau_GCF_014705805_1_WP_001294942	440.2	Hsp90_protein
Ac_bau_GCF_014705825_1_WP_001294942	440.2	Hsp90_protein
Ac_bau_GCF_014705845_1_WP_001294942	440.2	Hsp90_protein
Ac_bau_GCF_014705865_1_WP_001294942	440.2	Hsp90_protein
Ac_bau_GCF_014705885_1_WP_001294942	440.2	Hsp90_protein
Ac_bau_GCF_014874575_1_WP_001294940	440.5	Hsp90_protein
Ac_bau_GCF_015571935_1_WP_001294941	440.2	Hsp90_protein
Ac_bau_GCF_015732435_1_WP_001294942	440.2	Hsp90_protein
Ac_bau_GCF_015870765_1_WP_001294944	438.1	Hsp90_protein
Ac_bau_GCF_015870965_1_WP_001294944	438.1	Hsp90_protein
Ac_bau_GCF_015910475_1_WP_001294941	440.2	Hsp90_protein
Ac_bau_GCF_016127515_1_WP_001294933	440.2	Hsp90_protein
Ac_bau_GCF_016350005_1_WP_001294942	440.2	Hsp90_protein
Ac_bau_GCF_016350065_1_WP_001294942	440.2	Hsp90_protein
Ac_bau_GCF_016350085_1_WP_001294942	440.2	Hsp90_protein
Ac_bau_GCF_016350105_1_WP_001294942	440.2	Hsp90_protein
Ac_bau_GCF_016864295_1_WP_001294942	440.2	Hsp90_protein
Ac_bau_GCF_016864315_2_WP_001294937	439.6	Hsp90_protein
Ac_bau_GCF_016864335_2_WP_001294937	439.6	Hsp90_protein
Ac_bau_GCF_016864915_1_WP_001294937	439.6	Hsp90_protein
Ac_bau_GCF_016865465_1_WP_001294946	438.6	Hsp90_protein
Ac_bau_GCF_016903135_1_WP_001294942	440.2	Hsp90_protein
Ac_bau_GCF_016903215_1_WP_001294942	440.2	Hsp90_protein
Ac_bau_GCF_016919505_2_WP_001294933	440.2	Hsp90_protein
Ac_bau_GCF_017096325_2_WP_001294942	440.2	Hsp90_protein
Ac_bau_GCF_017096345_2_WP_001294942	440.2	Hsp90_protein
Ac_bau_GCF_017096365_2_WP_001294942	440.2	Hsp90_protein
Ac_bau_GCF_017096385_2_WP_001294942	440.2	Hsp90_protein
Ac_bau_GCF_017096405_2_WP_001294942	440.2	Hsp90_protein
Ac_bau_GCF_017096425_2_WP_001294942	440.2	Hsp90_protein
Ac_bau_GCF_017098185_2_WP_001294942	440.2	Hsp90_protein
Ac_bau_GCF_017098205_2_WP_001294942	440.2	Hsp90_protein
Ac_bau_GCF_017098265_1_WP_001294942	440.2	Hsp90_protein
Ac_bau_GCF_017639875_1_WP_045544622	440.3	Hsp90_protein
Ac_bau_GCF_017723975_1_WP_045544622	440.3	Hsp90_protein
Ac_bau_GCF_017724115_1_WP_045544622	440.3	Hsp90_protein
Ac_bau_GCF_017724155_1_WP_045544622	440.3	Hsp90_protein
Ac_bau_GCF_017724195_1_WP_045544622	440.3	Hsp90_protein
Ac_bau_GCF_017724215_1_WP_045544622	440.3	Hsp90_protein
Ac_bau_GCF_017726495_1_WP_045544622	440.3	Hsp90_protein
Ac_bau_GCF_017726555_1_WP_045544622	440.3	Hsp90_protein
Ac_bau_GCF_017726575_1_WP_001294942	440.2	Hsp90_protein
Ac_bau_GCF_017742855_1_WP_045544622	440.3	Hsp90_protein
Ac_bau_GCF_017753625_1_WP_001294942	440.2	Hsp90_protein
Ac_bau_GCF_018135585_1_WP_001294937	439.6	Hsp90_protein
Ac_bau_GCF_018454385_1_WP_001294942	440.2	Hsp90_protein
Ac_bau_GCF_018604365_1_WP_001294942	440.2	Hsp90_protein
Ac_bau_GCF_018808925_1_WP_001294942	440.2	Hsp90_protein
Ac_bau_GCF_018831125_1_WP_001294942	440.2	Hsp90_protein
Ac_bau_GCF_018831465_1_WP_001294933	440.2	Hsp90_protein
Ac_bau_GCF_018831485_1_WP_001294933	440.2	Hsp90_protein
Ac_bau_GCF_019076685_1_WP_001294941	440.2	Hsp90_protein
Ac_bau_GCF_019356075_1_WP_001294942	440.2	Hsp90_protein
Ac_bau_GCF_019356215_1_WP_001294942	440.2	Hsp90_protein
Ac_bau_GCF_019457715_1_WP_001294942	440.2	Hsp90_protein
Ac_bau_GCF_019458485_1_WP_001294933	440.2	Hsp90_protein
Ac_bau_GCF_019703285_1_WP_001294942	440.2	Hsp90_protein
Ac_bau_GCF_019903155_1_WP_123793907	440.3	Hsp90_protein
Ac_bau_GCF_019903175_1_WP_001294937	439.6	Hsp90_protein
Ac_bau_GCF_019903195_1_WP_001294937	439.6	Hsp90_protein
Ac_bau_GCF_019903215_1_WP_001294942	440.2	Hsp90_protein
Ac_bau_GCF_019903235_1_WP_223106651	440.3	Hsp90_protein
Ac_bau_GCF_019997865_1_WP_001294940	440.5	Hsp90_protein
Ac_bau_GCF_020132105_1_WP_001294944	438.1	Hsp90_protein
Ac_bau_GCF_020271605_1_WP_001294937	439.6	Hsp90_protein
Ac_bau_GCF_020520325_1_WP_001294942	440.2	Hsp90_protein
Ac_bau_GCF_020520345_1_WP_001294942	440.2	Hsp90_protein
Ac_bau_GCF_020520365_1_WP_001294942	440.2	Hsp90_protein
Ac_bau_GCF_020520385_1_WP_001294942	440.2	Hsp90_protein
Ac_bau_GCF_020520405_1_WP_001294942	440.2	Hsp90_protein
Ac_bau_GCF_020810655_1_WP_001294937	439.6	Hsp90_protein
Ac_bau_GCF_020906565_1_WP_001294942	440.2	Hsp90_protein
Ac_bau_GCF_020911985_1_WP_001294941	440.2	Hsp90_protein
Ac_bau_GCF_020912005_1_WP_001294942	440.2	Hsp90_protein
Ac_bau_GCF_020985285_1_WP_030423663	439.6	Hsp90_protein
Ac_bau_GCF_021398135_1_WP_001294942	440.2	Hsp90_protein
Ac_bau_GCF_021484905_1_WP_001294933	440.2	Hsp90_protein
Ac_bau_GCF_021559695_1_WP_001294942	440.2	Hsp90_protein
Ac_bau_GCF_021609965_1_WP_001294933	440.2	Hsp90_protein
Ac_bau_GCF_021725415_1_WP_001294942	440.2	Hsp90_protein
Ac_bau_GCF_021729465_1_WP_140951853	440.7	Hsp90_protein
Ac_bau_GCF_021730415_1_WP_001294942	440.2	Hsp90_protein
Ac_bau_GCF_021764725_1_WP_001294942	440.2	Hsp90_protein
Ac_bau_GCF_021899715_1_WP_001294942	440.2	Hsp90_protein
Ac_bau_GCF_900088705_1_WP_064792747	441.3	Hsp90_protein
Ac_bau_GCF_900093475_1_WP_001294937	439.6	Hsp90_protein
Ac_bau_GCF_900478145_1_WP_001294933	440.2	Hsp90_protein
Ac_bau_LAC_4_GCF_000786735_1_WP_001294946	438.6	Hsp90_protein
Ac_bau_MDR_TJ_GCF_000187205_2_WP_001294942	440.2	Hsp90_protein
Ac_bau_MDR_ZJ06_GCF_000226275_2_WP_001294942	440.2	Hsp90_protein
Ac_bau_NCGM_237_GCF_000828795_1_WP_001294942	440.2	Hsp90_protein
Ac_bau_TYTH_1_GCF_000302575_1_WP_001294942	440.2	Hsp90_protein
Ac_bau_ZW85_1_GCF_000505685_1_WP_023897392	440.8	Hsp90_protein
Ac_ber_GCF_002813045_1_WP_100886114	437.7	Hsp90_protein
Ac_ber_GCF_016576845_1_WP_151781509	437.8	Hsp90_protein
Ac_ber_GCF_016576965_1_WP_005035296	438.1	Hsp90_protein
Ac_cal_GCF_002055515_1_WP_080026187	439.1	Hsp90_protein
Ac_cal_GCF_016939475_1_WP_003654520	439.2	Hsp90_protein
Ac_cal_GCF_021165835_1_WP_056483181	438.8	Hsp90_protein
Ac_cal_GCF_021165855_1_WP_231762055	437.8	Hsp90_protein
Ac_cal_GCF_900520355_1_WP_133975713	438.9	Hsp90_protein
Ac_gui_GCF_002370525_2_WP_096732688	437.7	Hsp90_protein
Ac_gui_GCF_020172725_1_WP_004718460	437.3	Hsp90_protein
Ac_hae_GCF_001932555_1_WP_075316321	439.8	Hsp90_protein
Ac_hae_GCF_002813065_1_WP_100834123	438.3	Hsp90_protein
Ac_hae_GCF_003323815_1_WP_113997831	440.5	Hsp90_protein
Ac_hae_GCF_003430865_2_WP_005087967	440.7	Hsp90_protein
Ac_hae_GCF_004379355_1_WP_134252962	441.0	Hsp90_protein
Ac_hae_GCF_009892245_1_WP_005087967	440.7	Hsp90_protein
Ac_hae_GCF_009892265_1_WP_005087967	440.7	Hsp90_protein
Ac_hae_GCF_009892285_1_WP_005087967	440.7	Hsp90_protein
Ac_hae_GCF_009892305_1_WP_005087967	440.7	Hsp90_protein
Ac_hae_GCF_009892325_1_WP_005087967	440.7	Hsp90_protein
Ac_hae_GCF_009892345_1_WP_005087967	440.7	Hsp90_protein
Ac_hae_GCF_009892365_1_WP_005087967	440.7	Hsp90_protein
Ac_hae_GCF_009892385_1_WP_005087967	440.7	Hsp90_protein
Ac_hae_GCF_019355995_1_WP_005083903	440.0	Hsp90_protein
Ac_ind_GCF_002953575_2_WP_005181707	439.0	Hsp90_protein
Ac_ind_GCF_009296145_1_WP_127798502	438.9	Hsp90_protein
Ac_ind_GCF_009734145_1_WP_005181707	439.0	Hsp90_protein
Ac_ind_GCF_009914375_1_WP_005181707	439.0	Hsp90_protein
Ac_ind_GCF_009914395_1_WP_005181707	439.0	Hsp90_protein
Ac_ind_GCF_009914415_1_WP_005181707	439.0	Hsp90_protein
Ac_ind_GCF_009914435_1_WP_005181707	439.0	Hsp90_protein
Ac_ind_GCF_009914475_1_WP_005181707	439.0	Hsp90_protein
Ac_ind_GCF_010917815_1_WP_104511477	438.9	Hsp90_protein
Ac_ind_GCF_010918195_1_WP_163143081	437.4	Hsp90_protein
Ac_ind_GCF_010918375_1_WP_127798502	438.9	Hsp90_protein
Ac_ind_GCF_012278715_1_WP_075175372	439.5	Hsp90_protein
Ac_ind_GCF_012278735_1_WP_005181707	439.0	Hsp90_protein
Ac_ind_GCF_013378115_1_WP_005181707	439.0	Hsp90_protein
Ac_ind_GCF_015217905_1_WP_104511477	438.9	Hsp90_protein
Ac_ind_GCF_015218885_1_WP_005181707	439.0	Hsp90_protein
Ac_ind_GCF_017132735_1_WP_005181707	439.0	Hsp90_protein
Ac_ind_GCF_017309425_1_WP_005181707	439.0	Hsp90_protein
Ac_ind_GCF_017309445_1_WP_005181707	439.0	Hsp90_protein
Ac_joh_GCF_003335165_1_WP_058868767	435.7	Hsp90_protein
Ac_joh_GCF_003939325_2_WP_125281606	434.5	Hsp90_protein
Ac_joh_GCF_003952785_1_WP_126038563	436.8	Hsp90_protein
Ac_joh_GCF_004337595_1_WP_058868767	435.7	Hsp90_protein
Ac_joh_GCF_008180305_1_WP_148826883	436.8	Hsp90_protein
Ac_joh_GCF_015602645_1_WP_151837218	435.7	Hsp90_protein
Ac_joh_GCF_016027055_1_WP_004692753	436.3	Hsp90_protein
Ac_joh_GCF_016725945_1_WP_201707074	436.4	Hsp90_protein
Ac_joh_GCF_016726625_1_WP_201702261	435.4	Hsp90_protein
Ac_joh_GCF_016728805_1_WP_201953340	436.7	Hsp90_protein
Ac_joh_GCF_017068175_1_WP_205667294	435.8	Hsp90_protein
Ac_joh_GCF_019334405_1_WP_219190244	431.9	Hsp90_protein
Ac_joh_GCF_020162195_1_WP_224467658	436.4	Hsp90_protein
Ac_joh_GCF_021432745_1_WP_005400968	437.7	Hsp90_protein
Ac_joh_GCF_021496295_1_WP_234963151	436.5	Hsp90_protein
Ac_joh_GCF_021496325_1_WP_234950809	435.6	Hsp90_protein
Ac_joh_GCF_021496345_1_WP_010325741	436.8	Hsp90_protein
Ac_joh_GCF_021496365_1_WP_234965170	435.6	Hsp90_protein
Ac_joh_XBB1_GCF_001484935_1_WP_010325741	436.8	Hsp90_protein
Ac_junii_GCF_001941805_1_WP_004916915	439.7	Hsp90_protein
Ac_junii_GCF_002165245_3_WP_087539721	439.6	Hsp90_protein
Ac_junii_GCF_002761875_1_WP_004957422	439.7	Hsp90_protein
Ac_junii_GCF_003939335_2_WP_004957422	439.7	Hsp90_protein
Ac_junii_GCF_003939355_2_WP_125272756	438.9	Hsp90_protein
Ac_junii_GCF_016743155_1_WP_087539721	439.6	Hsp90_protein
Ac_junii_GCF_018281725_1_WP_004957422	439.7	Hsp90_protein
Ac_junii_GCF_018336855_1_WP_212638797	439.4	Hsp90_protein
Ac_junii_GCF_021491935_1_WP_234856779	436.9	Hsp90_protein
Ac_lac_GCF_002076935_1_WP_062849636	439.2	Hsp90_protein
Ac_lac_GCF_013122135_1_WP_062849636	439.2	Hsp90_protein
Ac_lwo_GCF_002119785_1_WP_086044198	438.3	Hsp90_protein
Ac_lwo_GCF_009730095_1_WP_004729315	438.0	Hsp90_protein
Ac_lwo_GCF_013349125_1_WP_004729315	438.0	Hsp90_protein
Ac_lwo_GCF_013349205_1_WP_005102849	438.1	Hsp90_protein
Ac_lwo_GCF_015602705_1_WP_195725241	431.0	Hsp90_protein
Ac_lwo_GCF_019048305_1_WP_004647318	438.9	Hsp90_protein
Ac_lwo_GCF_019048525_1_WP_005102849	438.1	Hsp90_protein
Ac_lwo_GCF_019343495_1_WP_219308184	438.0	Hsp90_protein
Ac_lwo_GCF_019787625_1_WP_005102849	438.1	Hsp90_protein
Ac_lwo_GCF_019787645_1_WP_005102849	438.1	Hsp90_protein
Ac_lwo_WJ10621_GCF_000219275_1_WP_010325741	436.8	Hsp90_protein
Ac_nos_GCF_000814165_3_WP_004710874	440.0	Hsp90_protein
Ac_nos_GCF_002082665_1_WP_004710874	440.0	Hsp90_protein
Ac_nos_GCF_002951295_1_WP_004710874	440.0	Hsp90_protein
Ac_nos_GCF_003143895_1_WP_004710874	440.0	Hsp90_protein
Ac_nos_GCF_004295305_1_WP_087605817	440.0	Hsp90_protein
Ac_nos_GCF_004792395_1_WP_004710874	440.0	Hsp90_protein
Ac_nos_GCF_008086325_1_WP_004710874	440.0	Hsp90_protein
Ac_nos_GCF_009588945_1_WP_153518193	440.0	Hsp90_protein
Ac_nos_GCF_015602685_1_WP_004710874	440.0	Hsp90_protein
Ac_nos_GCF_019048685_1_WP_004710874	440.0	Hsp90_protein
Ac_nos_M2_GCF_005281455_1_WP_004710874	440.0	Hsp90_protein
Ac_pit_GCF_001577285_1_WP_005079391	439.5	Hsp90_protein
Ac_pit_GCF_001617545_1_WP_063097993	439.1	Hsp90_protein
Ac_pit_GCF_002012285_1_WP_078220059	439.5	Hsp90_protein
Ac_pit_GCF_002158945_1_WP_032053020	438.6	Hsp90_protein
Ac_pit_GCF_002863745_1_WP_101664202	436.2	Hsp90_protein
Ac_pit_GCF_002902805_2_WP_068521780	437.7	Hsp90_protein
Ac_pit_GCF_002999115_2_WP_005079391	439.5	Hsp90_protein
Ac_pit_GCF_002999215_3_WP_005079391	439.5	Hsp90_protein
Ac_pit_GCF_003051965_2_WP_032053020	438.6	Hsp90_protein
Ac_pit_GCF_003956065_1_WP_005065808	439.7	Hsp90_protein
Ac_pit_GCF_006351765_1_WP_086400343	439.7	Hsp90_protein
Ac_pit_GCF_007954485_1_WP_005079391	439.5	Hsp90_protein
Ac_pit_GCF_008121475_1_WP_068521780	437.7	Hsp90_protein
Ac_pit_GCF_008694085_1_WP_086400343	439.7	Hsp90_protein
Ac_pit_GCF_009931315_1_WP_002115067	437.7	Hsp90_protein
Ac_pit_GCF_011996285_1_WP_167564194	439.4	Hsp90_protein
Ac_pit_GCF_014168695_1_WP_005079391	439.5	Hsp90_protein
Ac_pit_GCF_016804045_1_WP_086400343	439.7	Hsp90_protein
Ac_pit_GCF_016889305_1_WP_032053020	438.6	Hsp90_protein
Ac_pit_GCF_016889345_1_WP_005079391	439.5	Hsp90_protein
Ac_pit_GCF_016889825_1_WP_002115067	437.7	Hsp90_protein
Ac_pit_GCF_016890065_1_WP_204085771	440.2	Hsp90_protein
Ac_pit_GCF_019046965_1_WP_216946743	439.7	Hsp90_protein
Ac_pit_GCF_019047185_1_WP_062849636	439.2	Hsp90_protein
Ac_pit_GCF_019047205_1_WP_005079391	439.5	Hsp90_protein
Ac_pit_GCF_019048225_1_WP_005079391	439.5	Hsp90_protein
Ac_pit_GCF_019264765_1_WP_032005078	439.5	Hsp90_protein
Ac_pit_GCF_019703265_1_WP_005079391	439.5	Hsp90_protein
Ac_pit_GCF_020535225_1_WP_005079391	439.5	Hsp90_protein
Ac_pit_GCF_020544425_1_WP_227062271	437.7	Hsp90_protein
Ac_pit_GCF_020991105_1_WP_005065808	439.7	Hsp90_protein
Ac_pit_PHEA_2_YP_004997470	440.0	Hsp90_protein
Ac_rad_DSM_6976_NBRC_102413_CIP_103788_GCF_006757745_1_WP_005023027	438.3	Hsp90_protein
Ac_rad_GCF_002993105_1_WP_034671072	435.1	Hsp90_protein
Ac_rad_GCF_003258335_1_WP_111280189	439.5	Hsp90_protein
Ac_rad_GCF_005519305_1_WP_138000424	438.0	Hsp90_protein
Ac_rad_GCF_014069095_1_WP_005023027	438.3	Hsp90_protein
Ac_sch_GCF_001971565_1_WP_076752951	440.4	Hsp90_protein
Ac_sch_GCF_003072585_2_WP_004813541	441.1	Hsp90_protein
Ac_sch_GCF_007833615_1_WP_071320688	440.4	Hsp90_protein
Ac_sch_GCF_010918635_1_WP_103800757	440.5	Hsp90_protein
Ac_sch_GCF_010918895_1_WP_163167408	437.4	Hsp90_protein
Ac_sch_GCF_010919095_1_WP_163168782	440.3	Hsp90_protein
Ac_sei_GCF_014717515_1_WP_191028700	438.5	Hsp90_protein
Ac_sei_GCF_014718355_1_WP_151682998	438.7	Hsp90_protein
Ac_sei_GCF_014719215_1_WP_077169144	439.0	Hsp90_protein
Ac_sei_GCF_014719435_1_WP_077169144	439.0	Hsp90_protein
Ac_sei_GCF_014719835_1_WP_077169144	439.0	Hsp90_protein
Ac_sei_GCF_014720075_1_WP_191000805	438.8	Hsp90_protein
Ac_sei_GCF_014720495_1_WP_077169144	439.0	Hsp90_protein
Ac_sei_GCF_014720855_1_WP_077169144	439.0	Hsp90_protein
Ac_sei_GCF_014721075_1_WP_077169144	439.0	Hsp90_protein
Ac_sei_GCF_014721215_1_WP_191010737	436.2	Hsp90_protein
Ac_sei_GCF_014721415_1_WP_077169144	439.0	Hsp90_protein
Ac_sei_GCF_014721575_1_WP_077169144	439.0	Hsp90_protein
Ac_sei_GCF_014721815_1_WP_077169144	439.0	Hsp90_protein
Ac_sei_GCF_014722015_1_WP_191012493	439.7	Hsp90_protein
Ac_sei_GCF_014722775_1_WP_077169144	439.0	Hsp90_protein
Ac_sei_GCF_014723035_1_WP_191015964	440.5	Hsp90_protein
Ac_sei_GCF_014723055_1_WP_077169144	439.0	Hsp90_protein
Ac_sei_GCF_014723095_1_WP_077169144	439.0	Hsp90_protein
Ac_sei_GCF_014723135_1_WP_077169144	439.0	Hsp90_protein
Ac_sei_GCF_014723155_1_WP_077169144	439.0	Hsp90_protein
Ac_sei_GCF_014723195_1_WP_077169144	439.0	Hsp90_protein
Ac_sei_GCF_014788525_1_WP_077169144	439.0	Hsp90_protein
Ac_sei_GCF_016064815_1_WP_198071731	439.0	Hsp90_protein
Ac_sei_GCF_018138965_1_WP_212511998	440.5	Hsp90_protein
Ac_sei_GCF_019048405_1_WP_134262156	439.0	Hsp90_protein
Ac_soli_GCF_001953195_1_WP_076033395	435.6	Hsp90_protein
Ac_soli_GCF_018139125_1_WP_004932396	435.4	Hsp90_protein
Ac_tow_GCF_009676805_1_WP_154321129	435.4	Hsp90_protein
Ac_tow_GCF_012220585_1_WP_004975801	435.5	Hsp90_protein
Ac_tow_GCF_017498585_1_WP_207973869	436.3	Hsp90_protein
Ac_tow_GCF_017498605_1_WP_207973869	436.3	Hsp90_protein
Ac_tow_GCF_017498625_1_WP_208011980	435.5	Hsp90_protein
Ac_tow_GCF_021432045_1_WP_234114104	436.2	Hsp90_protein
Ac_urs_GCF_003966675_1_WP_126624164	439.2	Hsp90_protein
Ac_urs_GCF_016726205_1_WP_004985088	443.3	Hsp90_protein
Ac_urs_GCF_016726345_1_WP_004995273	444.9	Hsp90_protein
Ac_var_GCF_003938405_2_WP_125278800	440.3	Hsp90_protein
Ac_var_GCF_016607565_1_WP_005232515	440.3	Hsp90_protein
Ac_var_GCF_018409485_1_WP_125278800	440.3	Hsp90_protein
Ac_var_GCF_020099375_1_WP_005232515	440.3	Hsp90_protein
Ac_wuh_GCF_001696605_3_WP_068973899	437.8	Hsp90_protein
Ac_wuh_GCF_002165345_2_WP_087552242	438.3	Hsp90_protein
Al_aus_GCF_000730385_1_WP_044057503	464.3	Hsp90_protein
Al_aus_GCF_000934525_1_WP_044057503	464.3	Hsp90_protein
Al_mac_ATCC_27126_GCF_000172635_2_WP_014950044	463.8	Hsp90_protein
Al_mac_Balearic_Sea_AD45_GCF_000300175_1_WP_014950044	463.8	Hsp90_protein
Al_mac_Black_Sea_11_GCF_000299995_1_WP_014998879	464.2	Hsp90_protein
Al_mac_GCF_001562235_1_WP_061095434	462.3	Hsp90_protein
Al_mac_GCF_001578515_1_WP_039236292	463.8	Hsp90_protein
Al_mac_GCF_002849875_1_WP_101565182	463.0	Hsp90_protein
Al_mac_GCF_014825945_1_WP_101565182	463.0	Hsp90_protein
Al_mac_GCF_903772925_1_WP_179983955	463.8	Hsp90_protein
Al_med_DE1_GCF_000310085_1_WP_015067595	461.4	Hsp90_protein
Al_med_DE_GCF_000020585_3_WP_012519077	462.0	Hsp90_protein
Al_med_GCF_001562295_1_WP_015067595	461.4	Hsp90_protein
Al_med_GCF_001562315_1_WP_015067595	461.4	Hsp90_protein
Al_med_GCF_001886395_1_WP_071959540	461.6	Hsp90_protein
Al_med_GCF_001886415_1_WP_012519077	462.0	Hsp90_protein
Al_med_GCF_001886435_1_WP_071969096	459.4	Hsp90_protein
Al_med_GCF_001886455_1_WP_012519077	462.0	Hsp90_protein
Al_med_GCF_006517095_1_WP_012519077	462.0	Hsp90_protein
Al_med_GCF_006517115_1_WP_141154224	461.9	Hsp90_protein
Al_med_GCF_009759785_1_WP_157316307	461.6	Hsp90_protein
Al_med_MED64_GCF_000439495_1_WP_012519077	462.0	Hsp90_protein
Al_med_U4_GCF_000439515_1_WP_012519077	462.0	Hsp90_protein
Al_med_U7_GCF_000439535_1_WP_012519077	462.0	Hsp90_protein
Al_med_UM4b_GCF_000439595_1_WP_015067595	461.4	Hsp90_protein
Al_med_UM7_GCF_000439575_1_WP_015067595	461.4	Hsp90_protein
Al_ste_GCF_001562195_1_WP_057790782	460.7	Hsp90_protein
Al_ste_GCF_001632765_1_WP_057790782	460.7	Hsp90_protein
Al_ste_GCF_001632825_1_WP_057790782	460.7	Hsp90_protein
Al_ste_LMG_21856_GCF_001433715_1_WP_057790782	460.7	Hsp90_protein
Az_chr_GCF_002220155_1_WP_089168607	443.4	Hsp90_protein
Az_chr_GCF_016406165_1_WP_198866343	444.1	Hsp90_protein
Az_chr_NCIMB_8003_GCF_000817975_1_WP_039803253	442.9	Hsp90_protein
Az_vin_CA6_GCF_000380365_1_WP_012700538	441.9	Hsp90_protein
Az_vin_CA_GCF_000380335_1_WP_012700538	441.9	Hsp90_protein
Az_vin_DJ_GCF_000021045_1_WP_012700538	441.9	Hsp90_protein
B_sub_subtilis_168_NP_391861	399.0	Hsp90_protein
Cam_jej_jejuni_NCTC_11168_ATCC_700819_YP_002343950	334.2	Hsp90_protein
Ce_jap_GCF_008120855_1_WP_012487380	444.9	Hsp90_protein
Ce_jap_GCF_008120875_1_WP_012487380	444.9	Hsp90_protein
Ce_jap_GCF_008120895_1_WP_012487380	444.9	Hsp90_protein
Ce_jap_Ueda107_GCF_000019225_1_WP_012487380	444.9	Hsp90_protein
Co_bur_RSA_493_NP_819352	439.7	Hsp90_protein
E_coli_K_12_MG1655_NP_415006	427.7	Hsp90_protein
E_coli_O157_H7_Sakai_NP_308553	427.7	Hsp90_protein
H_hyd_GCF_002442575_1_WP_096923177	438.5	Hsp90_protein
H_hyd_GCF_011399095_1_WP_172421129	437.6	Hsp90_protein
H_mer_GCF_009846525_1_WP_159342587	439.7	Hsp90_protein
H_mer_GCF_011398715_1_WP_058577867	439.0	Hsp90_protein
H_mer_GCF_011764625_1_WP_044629932	440.5	Hsp90_protein
H_pie_GCF_012427705_1_WP_153842858	438.1	Hsp90_protein
H_pie_GCF_019443265_1_WP_139527142	439.0	Hsp90_protein
H_tit_GCF_006542315_2_WP_022523953	431.6	Hsp90_protein
H_tit_GCF_013347205_1_WP_022523953	431.6	Hsp90_protein
H_tit_GCF_014697095_1_WP_022523953	431.6	Hsp90_protein
H_ven_GCF_003950215_1_WP_125749209	441.1	Hsp90_protein
H_ven_GCF_015689495_1_WP_206047729	439.0	Hsp90_protein
H_ven_GCF_016859375_1_WP_146943301	438.0	Hsp90_protein
I_loi_GSL_199_GCF_000401175_1_WP_011235078	464.8	Hsp90_protein
I_loi_L2TR_GCF_000008465_1_WP_011235078	464.8	Hsp90_protein
K_pne_pneumoniae_HS11286_YP_005225501	438.1	Hsp90_protein
Marinob_adh_GCF_018972165_1_WP_014576818	453.2	Hsp90_protein
Marinob_adh_HP15_GCF_000166295_1_WP_014576818	453.2	Hsp90_protein
Marinob_nau_ATCC_49840_GCF_000284615_1_WP_014421795	464.4	Hsp90_protein
Marinob_nau_VT8_GCF_000015365_1_WP_011784564	465.7	Hsp90_protein
Marinob_sal_GCF_002116735_1_WP_075196898	453.1	Hsp90_protein
Marinob_sal_GCF_003986605_1_WP_126812950	453.1	Hsp90_protein
Marinom_pri_GCF_003285205_1_WP_112139043	452.4	Hsp90_protein
Marinom_pri_GCF_013372285_1_WP_176335248	452.4	Hsp90_protein
Mo_bov_GCF_000988605_1_WP_036361826	419.4	Hsp90_protein
Mo_bov_GCF_000988615_1_WP_046699084	420.2	Hsp90_protein
Mo_bov_GCF_000988655_1_WP_046695936	419.4	Hsp90_protein
Mo_bov_GCF_000988685_1_WP_046699084	420.2	Hsp90_protein
Mo_bov_GCF_000988705_1_WP_046695936	419.4	Hsp90_protein
Mo_bov_GCF_000988725_2_WP_046697718	420.0	Hsp90_protein
Mo_bov_GCF_000988745_2_WP_046699578	419.9	Hsp90_protein
Mo_cat_BBH18_GCF_000092265_1_WP_003659068	429.8	Hsp90_protein
Mo_cat_GCF_000740455_1_WP_003659068	429.8	Hsp90_protein
Mo_cat_GCF_000766665_1_WP_003659068	429.8	Hsp90_protein
Mo_cat_GCF_002073215_2_WP_063454064	429.7	Hsp90_protein
Mo_cat_GCF_002080125_1_WP_003660815	429.8	Hsp90_protein
Mo_cat_GCF_002984125_1_WP_003659068	429.8	Hsp90_protein
Mo_cat_GCF_003443915_1_WP_003659068	429.8	Hsp90_protein
Mo_cat_GCF_003443935_1_WP_003659068	429.8	Hsp90_protein
Mo_cat_GCF_003443955_1_WP_003659068	429.8	Hsp90_protein
Mo_cat_GCF_003443975_1_WP_003659068	429.8	Hsp90_protein
Mo_cat_GCF_003971285_1_WP_003659068	429.8	Hsp90_protein
Mo_cat_GCF_003971305_1_WP_070472822	429.8	Hsp90_protein
Mo_cat_GCF_003971325_1_WP_003659068	429.8	Hsp90_protein
Mo_cat_GCF_003971345_1_WP_003659068	429.8	Hsp90_protein
Mo_cat_GCF_003971365_1_WP_003659068	429.8	Hsp90_protein
Mo_cat_GCF_900476075_1_WP_063454064	429.7	Hsp90_protein
Mo_non_GCF_016028775_1_WP_067007110	425.8	Hsp90_protein
Mo_non_GCF_016127895_1_WP_067007110	425.8	Hsp90_protein
Mo_osl_GCF_001553955_1_WP_062334567	457.2	Hsp90_protein
Mo_osl_GCF_002752755_2_WP_099833759	458.5	Hsp90_protein
Mo_osl_GCF_002752795_2_WP_099807837	455.4	Hsp90_protein
Mo_osl_GCF_002753715_1_WP_100269761	454.6	Hsp90_protein
Mo_osl_GCF_002786455_2_WP_099833759	458.5	Hsp90_protein
Mo_osl_GCF_009867135_1_WP_159374473	455.5	Hsp90_protein
Mo_osl_GCF_016028755_1_WP_062334567	457.2	Hsp90_protein
Mo_osl_GCF_016726945_1_WP_201664385	456.2	Hsp90_protein
Mo_osl_GCF_016888885_1_WP_204156273	459.5	Hsp90_protein
Mo_osl_GCF_020041925_1_WP_224053667	455.9	Hsp90_protein
My_tub_H37Rv_NP_216815	472.7	Hsp90_protein
Pseudoa_aga_DSM_14585_GCF_002310855_1_WP_096041501	451.5	Hsp90_protein
Pseudoa_aga_GCF_003668795_1_WP_121637648	452.2	Hsp90_protein
Pseudoa_ali_GCF_001999225_1_WP_077537688	442.2	Hsp90_protein
Pseudoa_ali_SW19_GCF_014905615_1_WP_193155202	444.8	Hsp90_protein
Pseudoa_car_GCF_004328865_1_WP_104642399	447.2	Hsp90_protein
Pseudoa_car_IAM_12662_GCF_014925295_1_WP_104642399	447.2	Hsp90_protein
Pseudoa_car_IAM_12662_GCF_900239935_1_WP_104642399	447.2	Hsp90_protein
Pseudoa_iss_GCF_001455325_1_WP_058154833	454.6	Hsp90_protein
Pseudoa_iss_GCF_002310795_1_WP_058154833	454.6	Hsp90_protein
Pseudoa_lut_DSM_6061_GCF_014925325_1_WP_063365506	452.7	Hsp90_protein
Pseudoa_lut_GCF_001750165_1_WP_046356407	451.1	Hsp90_protein
Pseudoa_lut_GCF_001750185_1_WP_046356407	451.1	Hsp90_protein
Pseudoa_lut_GCF_001750405_1_WP_046356407	451.1	Hsp90_protein
Pseudoa_lut_GCF_006704145_1_WP_142049513	453.5	Hsp90_protein
Pseudoa_marina_GCF_000238335_3_WP_008127682	444.9	Hsp90_protein
Pseudoa_marina_GCF_002407085_1_WP_039036750	441.4	Hsp90_protein
Pseudoa_phe_GCF_001444405_1_WP_058030093	453.3	Hsp90_protein
Pseudoa_phe_O_BC30_GCF_014925335_1_WP_058030093	453.3	Hsp90_protein
Pseudoa_pis_GCF_000238315_3_WP_010375387	460.1	Hsp90_protein
Pseudoa_pis_GCF_002208135_1_WP_010606422	459.5	Hsp90_protein
Pseudoa_pis_GCF_003429305_1_WP_119231544	459.0	Hsp90_protein
Pseudoa_pis_GCF_003429325_1_WP_010606422	459.5	Hsp90_protein
Pseudoa_pis_GCF_019797925_1_WP_017217996	459.5	Hsp90_protein
Pseudoa_pis_GCF_020623585_1_WP_010606422	459.5	Hsp90_protein
Pseudoa_rub_GCF_000238295_3_WP_010381703	452.2	Hsp90_protein
Pseudoa_rub_GCF_001482385_1_WP_058795695	453.5	Hsp90_protein
Pseudoa_rub_GCF_005886805_2_WP_138539581	451.6	Hsp90_protein
Pseudoa_shi_GCF_013391845_1_WP_178927130	453.1	Hsp90_protein
Pseudoa_shi_GCF_019134595_1_WP_217876483	455.4	Hsp90_protein
Pseudoa_tran_GCF_000026085_1_WP_011327891	447.2	Hsp90_protein
Pseudoa_tran_KMM_520_GCF_001465295_1_WP_058373128	449.1	Hsp90_protein
Pseudoa_tun_GCF_002310815_1_WP_040643629	440.5	Hsp90_protein
Pseudoa_tun_GCF_003568825_1_WP_040643629	440.5	Hsp90_protein
Pseudom_aer_B136_33_GCF_000359505_1_WP_015503156	453.4	Hsp90_protein
Pseudom_aer_C_NN2_GCF_900185255_1_WP_004349034	453.0	Hsp90_protein
Pseudom_aer_DHS01_GCF_000496455_2_WP_003087446	453.4	Hsp90_protein
Pseudom_aer_DK1_GCF_900069025_1_WP_003087446	453.4	Hsp90_protein
Pseudom_aer_DK2_GCF_000271365_1_WP_003087446	453.4	Hsp90_protein
Pseudom_aer_DSM_50071_NBRC_12689_GCF_001045685_1_WP_003087446	453.4	Hsp90_protein
Pseudom_aer_GCF_000763245_3_WP_003087446	453.4	Hsp90_protein
Pseudom_aer_GCF_000816985_1_WP_003087446	453.4	Hsp90_protein
Pseudom_aer_GCF_000829255_1_WP_003087446	453.4	Hsp90_protein
Pseudom_aer_GCF_000829275_1_WP_003087446	453.4	Hsp90_protein
Pseudom_aer_GCF_000829885_1_WP_003087446	453.4	Hsp90_protein
Pseudom_aer_GCF_000981825_1_WP_003087446	453.4	Hsp90_protein
Pseudom_aer_GCF_001077475_1_WP_023081827	453.4	Hsp90_protein
Pseudom_aer_GCF_001293085_1_WP_003087446	453.4	Hsp90_protein
Pseudom_aer_GCF_001447845_1_WP_003087446	453.4	Hsp90_protein
Pseudom_aer_GCF_001457615_1_WP_003087446	453.4	Hsp90_protein
Pseudom_aer_GCF_001482325_1_WP_003087446	453.4	Hsp90_protein
Pseudom_aer_GCF_001515845_2_WP_003087446	453.4	Hsp90_protein
Pseudom_aer_GCF_001515915_2_WP_003087446	453.4	Hsp90_protein
Pseudom_aer_GCF_001516005_1_WP_003087446	453.4	Hsp90_protein
Pseudom_aer_GCF_001516105_1_WP_003087446	453.4	Hsp90_protein
Pseudom_aer_GCF_001516165_2_WP_003087446	453.4	Hsp90_protein
Pseudom_aer_GCF_001516185_2_WP_004349034	453.0	Hsp90_protein
Pseudom_aer_GCF_001516205_2_WP_003087446	453.4	Hsp90_protein
Pseudom_aer_GCF_001516225_2_WP_004349034	453.0	Hsp90_protein
Pseudom_aer_GCF_001516245_2_WP_023081827	453.4	Hsp90_protein
Pseudom_aer_GCF_001516265_1_WP_003087446	453.4	Hsp90_protein
Pseudom_aer_GCF_001516305_2_WP_003087446	453.4	Hsp90_protein
Pseudom_aer_GCF_001516325_2_WP_003087446	453.4	Hsp90_protein
Pseudom_aer_GCF_001516345_1_WP_023108994	453.4	Hsp90_protein
Pseudom_aer_GCF_001516365_2_WP_003087446	453.4	Hsp90_protein
Pseudom_aer_GCF_001516385_1_WP_003087446	453.4	Hsp90_protein
Pseudom_aer_GCF_001518975_1_WP_003087446	453.4	Hsp90_protein
Pseudom_aer_GCF_001542795_2_WP_023090658	453.6	Hsp90_protein
Pseudom_aer_GCF_001542835_1_WP_003087446	453.4	Hsp90_protein
Pseudom_aer_GCF_001547955_1_WP_003087446	453.4	Hsp90_protein
Pseudom_aer_GCF_001548135_1_WP_003087446	453.4	Hsp90_protein
Pseudom_aer_GCF_001548335_1_WP_003087446	453.4	Hsp90_protein
Pseudom_aer_GCF_001594325_2_WP_003087446	453.4	Hsp90_protein
Pseudom_aer_GCF_001606045_1_WP_003087446	453.4	Hsp90_protein
Pseudom_aer_GCF_001618925_1_WP_003087446	453.4	Hsp90_protein
Pseudom_aer_GCF_001632245_1_WP_003087446	453.4	Hsp90_protein
Pseudom_aer_GCF_001679685_1_WP_003087446	453.4	Hsp90_protein
Pseudom_aer_GCF_001687285_1_WP_003087446	453.4	Hsp90_protein
Pseudom_aer_GCF_001721745_1_WP_003087446	453.4	Hsp90_protein
Pseudom_aer_GCF_001721765_1_WP_003087446	453.4	Hsp90_protein
Pseudom_aer_GCF_001721785_1_WP_003087446	453.4	Hsp90_protein
Pseudom_aer_GCF_001721805_1_WP_003087446	453.4	Hsp90_protein
Pseudom_aer_GCF_001721825_1_WP_003087446	453.4	Hsp90_protein
Pseudom_aer_GCF_001721845_1_WP_003087446	453.4	Hsp90_protein
Pseudom_aer_GCF_001722005_2_WP_003087446	453.4	Hsp90_protein
Pseudom_aer_GCF_001722025_1_WP_003087446	453.4	Hsp90_protein
Pseudom_aer_GCF_001722045_1_WP_003087446	453.4	Hsp90_protein
Pseudom_aer_GCF_001729505_1_WP_003087446	453.4	Hsp90_protein
Pseudom_aer_GCF_001750705_1_WP_003087446	453.4	Hsp90_protein
Pseudom_aer_GCF_001792835_1_WP_003087446	453.4	Hsp90_protein
Pseudom_aer_GCF_001792855_1_WP_003087446	453.4	Hsp90_protein
Pseudom_aer_GCF_001792875_1_WP_003087446	453.4	Hsp90_protein
Pseudom_aer_GCF_001870265_1_WP_003087446	453.4	Hsp90_protein
Pseudom_aer_GCF_001874465_1_WP_003087446	453.4	Hsp90_protein
Pseudom_aer_GCF_001879525_1_WP_003087446	453.4	Hsp90_protein
Pseudom_aer_GCF_001900195_1_WP_003087446	453.4	Hsp90_protein
Pseudom_aer_GCF_001900225_1_WP_003087446	453.4	Hsp90_protein
Pseudom_aer_GCF_001900265_1_WP_003087446	453.4	Hsp90_protein
Pseudom_aer_GCF_002075065_1_WP_003087446	453.4	Hsp90_protein
Pseudom_aer_GCF_002085605_1_WP_003087446	453.4	Hsp90_protein
Pseudom_aer_GCF_002085755_1_WP_003087446	453.4	Hsp90_protein
Pseudom_aer_GCF_002104595_1_WP_003087446	453.4	Hsp90_protein
Pseudom_aer_GCF_002104615_1_WP_003087446	453.4	Hsp90_protein
Pseudom_aer_GCF_002192475_1_WP_003087446	453.4	Hsp90_protein
Pseudom_aer_GCF_002192495_1_WP_003087446	453.4	Hsp90_protein
Pseudom_aer_GCF_002205335_1_WP_003087446	453.4	Hsp90_protein
Pseudom_aer_GCF_002205355_1_WP_003087446	453.4	Hsp90_protein
Pseudom_aer_GCF_002205375_1_WP_003087446	453.4	Hsp90_protein
Pseudom_aer_GCF_002208645_1_WP_003087446	453.4	Hsp90_protein
Pseudom_aer_GCF_002215345_1_WP_003087446	453.4	Hsp90_protein
Pseudom_aer_GCF_002223805_1_WP_003087446	453.4	Hsp90_protein
Pseudom_aer_GCF_002237405_1_WP_003087446	453.4	Hsp90_protein
Pseudom_aer_GCF_002237425_1_WP_003087446	453.4	Hsp90_protein
Pseudom_aer_GCF_002287725_2_WP_003087446	453.4	Hsp90_protein
Pseudom_aer_GCF_002411865_3_WP_003087446	453.4	Hsp90_protein
Pseudom_aer_GCF_002442855_1_WP_003087446	453.4	Hsp90_protein
Pseudom_aer_GCF_002753655_1_WP_003087446	453.4	Hsp90_protein
Pseudom_aer_GCF_002812825_1_WP_003087446	453.4	Hsp90_protein
Pseudom_aer_GCF_002812845_1_WP_003087446	453.4	Hsp90_protein
Pseudom_aer_GCF_002812865_1_WP_003087446	453.4	Hsp90_protein
Pseudom_aer_GCF_002812885_1_WP_003087446	453.4	Hsp90_protein
Pseudom_aer_GCF_002812905_2_WP_003087446	453.4	Hsp90_protein
Pseudom_aer_GCF_002812925_2_WP_003087446	453.4	Hsp90_protein
Pseudom_aer_GCF_002946935_1_WP_003087446	453.4	Hsp90_protein
Pseudom_aer_GCF_002968515_1_WP_003087446	453.4	Hsp90_protein
Pseudom_aer_GCF_002968585_1_WP_003087446	453.4	Hsp90_protein
Pseudom_aer_GCF_002968655_1_WP_003087446	453.4	Hsp90_protein
Pseudom_aer_GCF_002968695_1_WP_003087446	453.4	Hsp90_protein
Pseudom_aer_GCF_002968755_1_WP_033998636	452.6	Hsp90_protein
Pseudom_aer_GCF_002968955_1_WP_003087446	453.4	Hsp90_protein
Pseudom_aer_GCF_002997005_1_WP_003087446	453.4	Hsp90_protein
Pseudom_aer_GCF_003025345_2_WP_033998636	452.6	Hsp90_protein
Pseudom_aer_GCF_003028335_1_WP_003087446	453.4	Hsp90_protein
Pseudom_aer_GCF_003052005_2_WP_003087446	453.4	Hsp90_protein
Pseudom_aer_GCF_003060845_1_WP_003087446	453.4	Hsp90_protein
Pseudom_aer_GCF_003073615_1_WP_003087446	453.4	Hsp90_protein
Pseudom_aer_GCF_003073695_1_WP_033998636	452.6	Hsp90_protein
Pseudom_aer_GCF_003073735_1_WP_003087446	453.4	Hsp90_protein
Pseudom_aer_GCF_003073795_1_WP_003087446	453.4	Hsp90_protein
Pseudom_aer_GCF_003073895_1_WP_003087446	453.4	Hsp90_protein
Pseudom_aer_GCF_003193645_1_WP_003087446	453.4	Hsp90_protein
Pseudom_aer_GCF_003194245_1_WP_003087446	453.4	Hsp90_protein
Pseudom_aer_GCF_003204335_1_WP_003087446	453.4	Hsp90_protein
Pseudom_aer_GCF_003206535_1_WP_003087446	453.4	Hsp90_protein
Pseudom_aer_GCF_003288335_1_WP_003087446	453.4	Hsp90_protein
Pseudom_aer_GCF_003288355_1_WP_003087446	453.4	Hsp90_protein
Pseudom_aer_GCF_003288435_1_WP_003087446	453.4	Hsp90_protein
Pseudom_aer_GCF_003332705_2_WP_003087446	453.4	Hsp90_protein
Pseudom_aer_GCF_003369735_1_WP_023081827	453.4	Hsp90_protein
Pseudom_aer_GCF_003369755_1_WP_003087446	453.4	Hsp90_protein
Pseudom_aer_GCF_003369775_1_WP_003449864	453.0	Hsp90_protein
Pseudom_aer_GCF_003408495_1_WP_023081827	453.4	Hsp90_protein
Pseudom_aer_GCF_003411785_2_WP_003087446	453.4	Hsp90_protein
Pseudom_aer_GCF_003429185_1_WP_003087446	453.4	Hsp90_protein
Pseudom_aer_GCF_003429205_1_WP_003087446	453.4	Hsp90_protein
Pseudom_aer_GCF_003433235_1_WP_003087446	453.4	Hsp90_protein
Pseudom_aer_GCF_003571505_1_WP_034037267	453.4	Hsp90_protein
Pseudom_aer_GCF_003571805_1_WP_003087446	453.4	Hsp90_protein
Pseudom_aer_GCF_003626935_1_WP_003087446	453.4	Hsp90_protein
Pseudom_aer_GCF_003641125_1_WP_003087446	453.4	Hsp90_protein
Pseudom_aer_GCF_003716765_1_WP_003087446	453.4	Hsp90_protein
Pseudom_aer_GCF_003798105_1_WP_004349034	453.0	Hsp90_protein
Pseudom_aer_GCF_003798125_1_WP_003087446	453.4	Hsp90_protein
Pseudom_aer_GCF_003798145_1_WP_003087446	453.4	Hsp90_protein
Pseudom_aer_GCF_003812165_1_WP_003087446	453.4	Hsp90_protein
Pseudom_aer_GCF_003812885_1_WP_003087446	453.4	Hsp90_protein
Pseudom_aer_GCF_003812905_1_WP_003087446	453.4	Hsp90_protein
Pseudom_aer_GCF_003813005_1_WP_003087446	453.4	Hsp90_protein
Pseudom_aer_GCF_003813025_1_WP_003087446	453.4	Hsp90_protein
Pseudom_aer_GCF_003950015_1_WP_003087446	453.4	Hsp90_protein
Pseudom_aer_GCF_003950255_1_WP_003087446	453.4	Hsp90_protein
Pseudom_aer_GCF_003952325_1_WP_003087446	453.4	Hsp90_protein
Pseudom_aer_GCF_003957825_1_WP_003087446	453.4	Hsp90_protein
Pseudom_aer_GCF_003991465_1_WP_003087446	453.4	Hsp90_protein
Pseudom_aer_GCF_004010895_1_WP_003087446	453.4	Hsp90_protein
Pseudom_aer_GCF_004014755_1_WP_003087446	453.4	Hsp90_protein
Pseudom_aer_GCF_004102665_1_WP_003087446	453.4	Hsp90_protein
Pseudom_aer_GCF_004193735_1_WP_003087446	453.4	Hsp90_protein
Pseudom_aer_GCF_004291075_1_WP_023081827	453.4	Hsp90_protein
Pseudom_aer_GCF_004355125_1_WP_003087446	453.4	Hsp90_protein
Pseudom_aer_GCF_004355145_1_WP_003087446	453.4	Hsp90_protein
Pseudom_aer_GCF_005305005_1_WP_003087446	453.4	Hsp90_protein
Pseudom_aer_GCF_006364735_1_WP_003087446	453.4	Hsp90_protein
Pseudom_aer_GCF_006364795_1_WP_004349034	453.0	Hsp90_protein
Pseudom_aer_GCF_006704595_2_WP_003087446	453.4	Hsp90_protein
Pseudom_aer_GCF_006971785_1_WP_033998636	452.6	Hsp90_protein
Pseudom_aer_GCF_007559065_1_WP_003087446	453.4	Hsp90_protein
Pseudom_aer_GCF_007559085_1_WP_003087446	453.4	Hsp90_protein
Pseudom_aer_GCF_007559105_1_WP_003087446	453.4	Hsp90_protein
Pseudom_aer_GCF_007559125_1_WP_003087446	453.4	Hsp90_protein
Pseudom_aer_GCF_007833895_1_WP_003087446	453.4	Hsp90_protein
Pseudom_aer_GCF_008033725_1_WP_003087446	453.4	Hsp90_protein
Pseudom_aer_GCF_008033745_1_WP_003087446	453.4	Hsp90_protein
Pseudom_aer_GCF_008033765_1_WP_003087446	453.4	Hsp90_protein
Pseudom_aer_GCF_008195485_1_WP_003087446	453.4	Hsp90_protein
Pseudom_aer_GCF_008245185_1_WP_003087446	453.4	Hsp90_protein
Pseudom_aer_GCF_008705235_1_WP_004349034	453.0	Hsp90_protein
Pseudom_aer_GCF_009497675_1_WP_003087446	453.4	Hsp90_protein
Pseudom_aer_GCF_009648875_1_WP_003087446	453.4	Hsp90_protein
Pseudom_aer_GCF_009662315_1_WP_003087446	453.4	Hsp90_protein
Pseudom_aer_GCF_009664165_1_WP_003087446	453.4	Hsp90_protein
Pseudom_aer_GCF_009676765_1_WP_003087446	453.4	Hsp90_protein
Pseudom_aer_GCF_009676785_1_WP_003087446	453.4	Hsp90_protein
Pseudom_aer_GCF_009676885_1_WP_003087446	453.4	Hsp90_protein
Pseudom_aer_GCF_009720405_1_WP_003087446	453.4	Hsp90_protein
Pseudom_aer_GCF_009720425_1_WP_003087446	453.4	Hsp90_protein
Pseudom_aer_GCF_009867055_1_WP_003087446	453.4	Hsp90_protein
Pseudom_aer_GCF_009911735_1_WP_023090658	453.6	Hsp90_protein
Pseudom_aer_GCF_011045375_1_WP_003087446	453.4	Hsp90_protein
Pseudom_aer_GCF_011106815_1_WP_003087446	453.4	Hsp90_protein
Pseudom_aer_GCF_011466835_1_WP_003087446	453.4	Hsp90_protein
Pseudom_aer_GCF_012276675_1_WP_121305232	453.0	Hsp90_protein
Pseudom_aer_GCF_012935295_1_WP_003087446	453.4	Hsp90_protein
Pseudom_aer_GCF_012971705_1_WP_003087446	453.4	Hsp90_protein
Pseudom_aer_GCF_013201095_1_WP_003087446	453.4	Hsp90_protein
Pseudom_aer_GCF_013201115_1_WP_003087446	453.4	Hsp90_protein
Pseudom_aer_GCF_013255565_1_WP_003087446	453.4	Hsp90_protein
Pseudom_aer_GCF_013260445_1_WP_003087446	453.4	Hsp90_protein
Pseudom_aer_GCF_013305645_2_WP_004349034	453.0	Hsp90_protein
Pseudom_aer_GCF_013305765_1_WP_003087446	453.4	Hsp90_protein
Pseudom_aer_GCF_013305815_1_WP_003087446	453.4	Hsp90_protein
Pseudom_aer_GCF_013305845_1_WP_003087446	453.4	Hsp90_protein
Pseudom_aer_GCF_013341295_1_WP_003087446	453.4	Hsp90_protein
Pseudom_aer_GCF_013341315_1_WP_003087446	453.4	Hsp90_protein
Pseudom_aer_GCF_013343315_1_WP_003087446	453.4	Hsp90_protein
Pseudom_aer_GCF_013343335_1_WP_003087446	453.4	Hsp90_protein
Pseudom_aer_GCF_013343355_1_WP_023112903	452.0	Hsp90_protein
Pseudom_aer_GCF_013343375_1_WP_003087446	453.4	Hsp90_protein
Pseudom_aer_GCF_013343395_1_WP_004349034	453.0	Hsp90_protein
Pseudom_aer_GCF_013343415_1_WP_003087446	453.4	Hsp90_protein
Pseudom_aer_GCF_013343435_1_WP_003087446	453.4	Hsp90_protein
Pseudom_aer_GCF_013343455_1_WP_023081827	453.4	Hsp90_protein
Pseudom_aer_GCF_013343475_1_WP_003087446	453.4	Hsp90_protein
Pseudom_aer_GCF_013343495_1_WP_023081827	453.4	Hsp90_protein
Pseudom_aer_GCF_013343515_1_WP_003087446	453.4	Hsp90_protein
Pseudom_aer_GCF_013343535_1_WP_003087446	453.4	Hsp90_protein
Pseudom_aer_GCF_013343555_1_WP_023108994	453.4	Hsp90_protein
Pseudom_aer_GCF_013343575_1_WP_003087446	453.4	Hsp90_protein
Pseudom_aer_GCF_013347245_1_WP_003087446	453.4	Hsp90_protein
Pseudom_aer_GCF_013376775_1_WP_003087446	453.4	Hsp90_protein
Pseudom_aer_GCF_013393665_2_WP_003087446	453.4	Hsp90_protein
Pseudom_aer_GCF_013393685_1_WP_003087446	453.4	Hsp90_protein
Pseudom_aer_GCF_013393705_1_WP_003087446	453.4	Hsp90_protein
Pseudom_aer_GCF_013394455_1_WP_003087446	453.4	Hsp90_protein
Pseudom_aer_GCF_013394475_2_WP_003087446	453.4	Hsp90_protein
Pseudom_aer_GCF_013395035_1_WP_023081827	453.4	Hsp90_protein
Pseudom_aer_GCF_013467585_1_WP_023081827	453.4	Hsp90_protein
Pseudom_aer_GCF_013467605_1_WP_023081827	453.4	Hsp90_protein
Pseudom_aer_GCF_014155905_1_WP_003087446	453.4	Hsp90_protein
Pseudom_aer_GCF_014217315_1_WP_003087446	453.4	Hsp90_protein
Pseudom_aer_GCF_014467035_1_WP_003087446	453.4	Hsp90_protein
Pseudom_aer_GCF_014490645_1_WP_003087446	453.4	Hsp90_protein
Pseudom_aer_GCF_014792125_1_WP_003087446	453.4	Hsp90_protein
Pseudom_aer_GCF_014854655_1_WP_003087446	453.4	Hsp90_protein
Pseudom_aer_GCF_014930935_1_WP_003087446	453.4	Hsp90_protein
Pseudom_aer_GCF_015697465_1_WP_003449864	453.0	Hsp90_protein
Pseudom_aer_GCF_015697605_1_WP_196426360	452.8	Hsp90_protein
Pseudom_aer_GCF_015697645_1_WP_003087446	453.4	Hsp90_protein
Pseudom_aer_GCF_015697665_1_WP_003087446	453.4	Hsp90_protein
Pseudom_aer_GCF_015832055_1_WP_003087446	453.4	Hsp90_protein
Pseudom_aer_GCF_015832075_1_WP_003087446	453.4	Hsp90_protein
Pseudom_aer_GCF_016064595_1_WP_004349034	453.0	Hsp90_protein
Pseudom_aer_GCF_016105505_1_WP_003087446	453.4	Hsp90_protein
Pseudom_aer_GCF_016105665_1_WP_003449864	453.0	Hsp90_protein
Pseudom_aer_GCF_016105885_1_WP_003087446	453.4	Hsp90_protein
Pseudom_aer_GCF_016107485_1_WP_003087446	453.4	Hsp90_protein
Pseudom_aer_GCF_016126955_1_WP_003087446	453.4	Hsp90_protein
Pseudom_aer_GCF_016134915_1_WP_003087446	453.4	Hsp90_protein
Pseudom_aer_GCF_016584725_1_WP_003087446	453.4	Hsp90_protein
Pseudom_aer_GCF_016743035_1_WP_033998636	452.6	Hsp90_protein
Pseudom_aer_GCF_016743115_1_WP_003087446	453.4	Hsp90_protein
Pseudom_aer_GCF_016745115_1_WP_004349034	453.0	Hsp90_protein
Pseudom_aer_GCF_016745135_1_WP_003087446	453.4	Hsp90_protein
Pseudom_aer_GCF_016745155_1_WP_003087446	453.4	Hsp90_protein
Pseudom_aer_GCF_016745175_1_WP_003087446	453.4	Hsp90_protein
Pseudom_aer_GCF_016745195_1_WP_003087446	453.4	Hsp90_protein
Pseudom_aer_GCF_016811975_1_WP_034037267	453.4	Hsp90_protein
Pseudom_aer_GCF_016864415_1_WP_003087446	453.4	Hsp90_protein
Pseudom_aer_GCF_016925455_1_WP_003087446	453.4	Hsp90_protein
Pseudom_aer_GCF_016925475_1_WP_003087446	453.4	Hsp90_protein
Pseudom_aer_GCF_017378395_1_WP_003087446	453.4	Hsp90_protein
Pseudom_aer_GCF_017378475_1_WP_003087446	453.4	Hsp90_protein
Pseudom_aer_GCF_017900915_1_WP_003087446	453.4	Hsp90_protein
Pseudom_aer_GCF_018138045_1_WP_003087446	453.4	Hsp90_protein
Pseudom_aer_GCF_018138065_1_WP_003087446	453.4	Hsp90_protein
Pseudom_aer_GCF_018141565_1_WP_023112903	452.0	Hsp90_protein
Pseudom_aer_GCF_018141625_1_WP_023112903	452.0	Hsp90_protein
Pseudom_aer_GCF_018141645_1_WP_023112903	452.0	Hsp90_protein
Pseudom_aer_GCF_018279245_1_WP_003087446	453.4	Hsp90_protein
Pseudom_aer_GCF_018279265_1_WP_003087446	453.4	Hsp90_protein
Pseudom_aer_GCF_018279285_1_WP_003087446	453.4	Hsp90_protein
Pseudom_aer_GCF_018279305_1_WP_003087446	453.4	Hsp90_protein
Pseudom_aer_GCF_018409365_1_WP_023090658	453.6	Hsp90_protein
Pseudom_aer_GCF_018448985_1_WP_003087446	453.4	Hsp90_protein
Pseudom_aer_GCF_018598285_3_WP_003087446	453.4	Hsp90_protein
Pseudom_aer_GCF_018986715_1_WP_003087446	453.4	Hsp90_protein
Pseudom_aer_GCF_019364615_1_WP_003087446	453.4	Hsp90_protein
Pseudom_aer_GCF_019378915_1_WP_004349034	453.0	Hsp90_protein
Pseudom_aer_GCF_019379355_1_WP_003087446	453.4	Hsp90_protein
Pseudom_aer_GCF_019434075_1_WP_003087446	453.4	Hsp90_protein
Pseudom_aer_GCF_019434095_1_WP_076938980	453.2	Hsp90_protein
Pseudom_aer_GCF_019434135_1_WP_003087446	453.4	Hsp90_protein
Pseudom_aer_GCF_019434155_1_WP_003087446	453.4	Hsp90_protein
Pseudom_aer_GCF_019434175_1_WP_003087446	453.4	Hsp90_protein
Pseudom_aer_GCF_019434235_1_WP_003087446	453.4	Hsp90_protein
Pseudom_aer_GCF_019443665_1_WP_003087446	453.4	Hsp90_protein
Pseudom_aer_GCF_019466095_1_WP_023081827	453.4	Hsp90_protein
Pseudom_aer_GCF_019466145_1_WP_003087446	453.4	Hsp90_protein
Pseudom_aer_GCF_019710495_1_WP_003087446	453.4	Hsp90_protein
Pseudom_aer_GCF_019711215_1_WP_003087446	453.4	Hsp90_protein
Pseudom_aer_GCF_019720855_1_WP_003087446	453.4	Hsp90_protein
Pseudom_aer_GCF_019720875_1_WP_003087446	453.4	Hsp90_protein
Pseudom_aer_GCF_019738995_1_WP_003087446	453.4	Hsp90_protein
Pseudom_aer_GCF_019857245_1_WP_003087446	453.4	Hsp90_protein
Pseudom_aer_GCF_019857265_1_WP_003087446	453.4	Hsp90_protein
Pseudom_aer_GCF_019857285_1_WP_003087446	453.4	Hsp90_protein
Pseudom_aer_GCF_019857305_1_WP_003087446	453.4	Hsp90_protein
Pseudom_aer_GCF_019857325_1_WP_004349034	453.0	Hsp90_protein
Pseudom_aer_GCF_019857345_1_WP_003087446	453.4	Hsp90_protein
Pseudom_aer_GCF_019857365_1_WP_003087446	453.4	Hsp90_protein
Pseudom_aer_GCF_019857405_1_WP_003087446	453.4	Hsp90_protein
Pseudom_aer_GCF_019857425_1_WP_003087446	453.4	Hsp90_protein
Pseudom_aer_GCF_019857445_1_WP_003087446	453.4	Hsp90_protein
Pseudom_aer_GCF_019857465_1_WP_003087446	453.4	Hsp90_protein
Pseudom_aer_GCF_019857485_1_WP_003087446	453.4	Hsp90_protein
Pseudom_aer_GCF_019857505_1_WP_003087446	453.4	Hsp90_protein
Pseudom_aer_GCF_019857525_1_WP_003087446	453.4	Hsp90_protein
Pseudom_aer_GCF_019857545_1_WP_003087446	453.4	Hsp90_protein
Pseudom_aer_GCF_019857565_1_WP_003087446	453.4	Hsp90_protein
Pseudom_aer_GCF_019857585_1_WP_003087446	453.4	Hsp90_protein
Pseudom_aer_GCF_019857605_1_WP_003087446	453.4	Hsp90_protein
Pseudom_aer_GCF_019857625_1_WP_003087446	453.4	Hsp90_protein
Pseudom_aer_GCF_019857645_1_WP_003087446	453.4	Hsp90_protein
Pseudom_aer_GCF_019915445_1_WP_003087446	453.4	Hsp90_protein
Pseudom_aer_GCF_019915465_1_WP_003087446	453.4	Hsp90_protein
Pseudom_aer_GCF_019915485_1_WP_003087446	453.4	Hsp90_protein
Pseudom_aer_GCF_020771675_1_WP_003087446	453.4	Hsp90_protein
Pseudom_aer_GCF_020771755_1_WP_003087446	453.4	Hsp90_protein
Pseudom_aer_GCF_020990445_1_WP_003087446	453.4	Hsp90_protein
Pseudom_aer_GCF_020990465_1_WP_003087446	453.4	Hsp90_protein
Pseudom_aer_GCF_020990485_1_WP_003087446	453.4	Hsp90_protein
Pseudom_aer_GCF_021166255_1_WP_003087446	453.4	Hsp90_protein
Pseudom_aer_GCF_021166275_1_WP_003087446	453.4	Hsp90_protein
Pseudom_aer_GCF_021166315_1_WP_003087446	453.4	Hsp90_protein
Pseudom_aer_GCF_021166335_1_WP_003087446	453.4	Hsp90_protein
Pseudom_aer_GCF_021166355_1_WP_003087446	453.4	Hsp90_protein
Pseudom_aer_GCF_021166375_1_WP_004349034	453.0	Hsp90_protein
Pseudom_aer_GCF_021184245_1_WP_003087446	453.4	Hsp90_protein
Pseudom_aer_GCF_021184265_1_WP_003087446	453.4	Hsp90_protein
Pseudom_aer_GCF_021249245_1_WP_003087446	453.4	Hsp90_protein
Pseudom_aer_GCF_021266605_1_WP_003087446	453.4	Hsp90_protein
Pseudom_aer_GCF_021378395_1_WP_034037267	453.4	Hsp90_protein
Pseudom_aer_GCF_021398755_1_WP_004349034	453.0	Hsp90_protein
Pseudom_aer_GCF_021460035_1_WP_003087446	453.4	Hsp90_protein
Pseudom_aer_GCF_021497285_1_WP_003087446	453.4	Hsp90_protein
Pseudom_aer_GCF_021497305_1_WP_003087446	453.4	Hsp90_protein
Pseudom_aer_GCF_021497325_1_WP_003087446	453.4	Hsp90_protein
Pseudom_aer_GCF_021497345_1_WP_003087446	453.4	Hsp90_protein
Pseudom_aer_GCF_021497365_1_WP_003087446	453.4	Hsp90_protein
Pseudom_aer_GCF_021497385_1_WP_003087446	453.4	Hsp90_protein
Pseudom_aer_GCF_021497405_1_WP_003087446	453.4	Hsp90_protein
Pseudom_aer_GCF_021497425_1_WP_003087446	453.4	Hsp90_protein
Pseudom_aer_GCF_021497445_1_WP_003087446	453.4	Hsp90_protein
Pseudom_aer_GCF_021513295_1_WP_003087446	453.4	Hsp90_protein
Pseudom_aer_GCF_021513375_1_WP_003087446	453.4	Hsp90_protein
Pseudom_aer_GCF_021513395_1_WP_003087446	453.4	Hsp90_protein
Pseudom_aer_GCF_021513415_1_WP_003087446	453.4	Hsp90_protein
Pseudom_aer_GCF_021513435_1_WP_003087446	453.4	Hsp90_protein
Pseudom_aer_GCF_021513455_1_WP_003087446	453.4	Hsp90_protein
Pseudom_aer_GCF_021513475_1_WP_003087446	453.4	Hsp90_protein
Pseudom_aer_GCF_021513495_1_WP_003087446	453.4	Hsp90_protein
Pseudom_aer_GCF_021513515_1_WP_003087446	453.4	Hsp90_protein
Pseudom_aer_GCF_021513535_1_WP_003087446	453.4	Hsp90_protein
Pseudom_aer_GCF_021513555_1_WP_003087446	453.4	Hsp90_protein
Pseudom_aer_GCF_021513575_1_WP_003087446	453.4	Hsp90_protein
Pseudom_aer_GCF_021513595_1_WP_003087446	453.4	Hsp90_protein
Pseudom_aer_GCF_021513615_1_WP_003087446	453.4	Hsp90_protein
Pseudom_aer_GCF_021513635_1_WP_003087446	453.4	Hsp90_protein
Pseudom_aer_GCF_021513675_1_WP_089034943	450.9	Hsp90_protein
Pseudom_aer_GCF_900070375_1_WP_003087446	453.4	Hsp90_protein
Pseudom_aer_GCF_900095805_1_WP_003087446	453.4	Hsp90_protein
Pseudom_aer_GCF_900149285_1_WP_076938980	453.2	Hsp90_protein
Pseudom_aer_GCF_900243355_1_WP_003087446	453.4	Hsp90_protein
Pseudom_aer_GCF_900497025_1_WP_134163255	448.0	Hsp90_protein
Pseudom_aer_GCF_900618245_1_WP_003087446	453.4	Hsp90_protein
Pseudom_aer_GCF_900618255_1_WP_003087446	453.4	Hsp90_protein
Pseudom_aer_GCF_900618265_1_WP_125075297	453.3	Hsp90_protein
Pseudom_aer_GCF_900618275_1_WP_003087446	453.4	Hsp90_protein
Pseudom_aer_GCF_900618285_1_WP_003087446	453.4	Hsp90_protein
Pseudom_aer_GCF_900618305_1_WP_003087446	453.4	Hsp90_protein
Pseudom_aer_GCF_900618315_1_WP_003087446	453.4	Hsp90_protein
Pseudom_aer_GCF_900618325_1_WP_003087446	453.4	Hsp90_protein
Pseudom_aer_GCF_900618335_1_WP_003087446	453.4	Hsp90_protein
Pseudom_aer_GCF_900636735_1_WP_003087446	453.4	Hsp90_protein
Pseudom_aer_GCF_900636755_1_WP_003087446	453.4	Hsp90_protein
Pseudom_aer_GCF_900636975_1_WP_003087446	453.4	Hsp90_protein
Pseudom_aer_GCF_900637045_1_WP_003087446	453.4	Hsp90_protein
Pseudom_aer_GCF_902703185_1_WP_003087446	453.4	Hsp90_protein
Pseudom_aer_GCF_902703195_1_WP_003087446	453.4	Hsp90_protein
Pseudom_aer_GCF_902703215_1_WP_003087446	453.4	Hsp90_protein
Pseudom_aer_GCF_904866275_1_WP_096264460	450.4	Hsp90_protein
Pseudom_aer_GCF_905071885_1_WP_003087446	453.4	Hsp90_protein
Pseudom_aer_LES431_GCF_000508765_1_WP_003087446	453.4	Hsp90_protein
Pseudom_aer_LESB58_GCF_000026645_1_WP_003087446	453.4	Hsp90_protein
Pseudom_aer_M18_GCF_000226155_1_WP_003087446	453.4	Hsp90_protein
Pseudom_aer_MTB_1_GCF_000504045_1_WP_003087446	453.4	Hsp90_protein
Pseudom_aer_NCGM2_S1_GCF_000284555_1_WP_003087446	453.4	Hsp90_protein
Pseudom_aer_PA1R_GCF_000496645_1_WP_003087446	453.4	Hsp90_protein
Pseudom_aer_PA1_GCF_000496605_2_WP_003087446	453.4	Hsp90_protein
Pseudom_aer_PA7_GCF_000017205_1_WP_012076289	449.4	Hsp90_protein
Pseudom_aer_PAK_GCF_000568855_2_WP_003087446	453.4	Hsp90_protein
Pseudom_aer_PAK_GCF_902172305_2_WP_003087446	453.4	Hsp90_protein
Pseudom_aer_PAO1_GCF_013001005_1_WP_003087446	453.4	Hsp90_protein
Pseudom_aer_PAO1_NP_250287	453.4	Hsp90_protein
Pseudom_aer_RP73_GCF_000414035_1_WP_003087446	453.4	Hsp90_protein
Pseudom_aer_SCV20265_GCF_000510305_1_WP_003087446	453.4	Hsp90_protein
Pseudom_aer_SG17M_GCF_020978345_1_WP_004349034	453.0	Hsp90_protein
Pseudom_aer_SJTD_1_GCF_000271985_2_WP_003087446	453.4	Hsp90_protein
Pseudom_aer_UCBPP_PA14_GCF_000014625_1_WP_003087446	453.4	Hsp90_protein
Pseudom_aer_VRFPA04_GCF_000473745_2_WP_022580596	452.3	Hsp90_protein
Pseudom_aer_YL84_GCF_000524595_1_WP_003087446	453.4	Hsp90_protein
Pseudom_alc_GCF_001597285_1_WP_061904519	455.9	Hsp90_protein
Pseudom_alc_GCF_016861485_1_WP_203792153	455.6	Hsp90_protein
Pseudom_alc_GCF_021654315_1_WP_237045223	455.4	Hsp90_protein
Pseudom_alky_GCF_000746525_1_WP_038616857	448.7	Hsp90_protein
Pseudom_alky_GCF_009755645_1_WP_157193378	448.7	Hsp90_protein
Pseudom_amy_GCF_019334485_1_WP_058400466	445.6	Hsp90_protein
Pseudom_amy_GCF_020204845_1_WP_005745258	445.5	Hsp90_protein
Pseudom_amy_pv_lachrymans_GCF_002068135_1_WP_005745258	445.5	Hsp90_protein
Pseudom_amy_pv_lachrymans_GCF_018603495_1_WP_005745258	445.5	Hsp90_protein
Pseudom_amy_pv_lachrymans_M301315_GCF_000146005_2_WP_005745258	445.5	Hsp90_protein
Pseudom_amy_pv_morsprunorum_GCF_002905685_2_WP_060403788	444.7	Hsp90_protein
Pseudom_amy_pv_tabaci_ATCC_11528_GCF_000145945_2_WP_005745258	445.5	Hsp90_protein
Pseudom_amy_pv_tabaci_GCF_018324325_1_WP_005745258	445.5	Hsp90_protein
Pseudom_ant_GCF_001647715_1_WP_064454890	450.5	Hsp90_protein
Pseudom_ant_GCF_900103795_1_WP_083360474	450.3	Hsp90_protein
Pseudom_ars_GCF_004135995_1_WP_208671903	444.5	Hsp90_protein
Pseudom_ars_GCF_900103875_1_WP_090188535	444.1	Hsp90_protein
Pseudom_asi_GCF_014656565_1_WP_182328467	453.7	Hsp90_protein
Pseudom_asi_GCF_014792105_1_WP_023661535	453.0	Hsp90_protein
Pseudom_ata_GCF_017167965_1_WP_038861952	442.5	Hsp90_protein
Pseudom_ata_GCF_019139875_1_WP_136492224	441.3	Hsp90_protein
Pseudom_azo_GCF_002007785_1_WP_078050888	448.3	Hsp90_protein
Pseudom_azo_GCF_006547025_1_WP_141605877	448.4	Hsp90_protein
Pseudom_azo_GCF_900103345_1_WP_071496324	447.9	Hsp90_protein
Pseudom_bale_DSM_6083_GCF_000818015_1_WP_043219739	459.2	Hsp90_protein
Pseudom_bale_GCF_011106855_1_WP_165563580	457.0	Hsp90_protein
Pseudom_bale_GCF_016599775_1_WP_200292677	458.6	Hsp90_protein
Pseudom_bra_GCF_000585995_1_WP_025214931	445.5	Hsp90_protein
Pseudom_bra_GCF_001449085_1_WP_003204412	445.0	Hsp90_protein
Pseudom_bra_GCF_001746815_1_WP_003204412	445.0	Hsp90_protein
Pseudom_bra_GCF_008370715_1_WP_003204412	445.0	Hsp90_protein
Pseudom_bra_GCF_009601685_2_WP_064106992	445.8	Hsp90_protein
Pseudom_bra_GCF_021389915_1_WP_003204412	445.0	Hsp90_protein
Pseudom_bra_GCF_900103245_1_WP_003204412	445.0	Hsp90_protein
Pseudom_bra_brassicacearum_NFM421_GCF_000194805_1_WP_003204412	445.0	Hsp90_protein
Pseudom_can_pv_alisalensis_GCF_016599635_1_WP_007250001	446.9	Hsp90_protein
Pseudom_can_pv_alisalensis_GCF_020309905_1_WP_007250001	446.9	Hsp90_protein
Pseudom_cer_GCF_900074915_1_WP_065350105	445.4	Hsp90_protein
Pseudom_cer_GCF_900235895_1_WP_065350105	445.4	Hsp90_protein
Pseudom_chl_GCF_000698865_1_WP_029526163	445.7	Hsp90_protein
Pseudom_chl_GCF_000963835_1_WP_044465977	444.0	Hsp90_protein
Pseudom_chl_GCF_001602135_1_WP_053260599	444.2	Hsp90_protein
Pseudom_chl_GCF_002844145_1_WP_029526163	445.7	Hsp90_protein
Pseudom_chl_GCF_003850605_1_WP_124350063	445.3	Hsp90_protein
Pseudom_chl_GCF_003851145_1_WP_053260599	444.2	Hsp90_protein
Pseudom_chl_GCF_003851785_1_WP_023968372	444.1	Hsp90_protein
Pseudom_chl_GCF_003851985_1_WP_124319865	445.5	Hsp90_protein
Pseudom_chl_GCF_009834495_1_WP_029526163	445.7	Hsp90_protein
Pseudom_chl_GCF_014524625_1_WP_029526163	445.7	Hsp90_protein
Pseudom_chl_GCF_017922675_1_WP_025805268	444.7	Hsp90_protein
Pseudom_chl_GCF_017922815_1_WP_210475052	444.7	Hsp90_protein
Pseudom_chl_GCF_017922915_1_WP_009047775	445.3	Hsp90_protein
Pseudom_chl_GCF_017922975_1_WP_025805268	444.7	Hsp90_protein
Pseudom_chl_GCF_020424105_1_WP_226305006	445.6	Hsp90_protein
Pseudom_chl_GCF_900104715_1_WP_029526163	445.7	Hsp90_protein
Pseudom_chl_GCF_900104985_1_WP_028681907	445.3	Hsp90_protein
Pseudom_chl_GCF_900104995_1_WP_025805268	444.7	Hsp90_protein
Pseudom_chl_GCF_900636995_1_WP_025805268	444.7	Hsp90_protein
Pseudom_chl_O6_GCF_000264555_1_WP_009047775	445.3	Hsp90_protein
Pseudom_chl_aurantiaca_GCF_000761195_1_WP_038583881	443.9	Hsp90_protein
Pseudom_chl_aurantiaca_GCF_002355875_1_WP_029526163	445.7	Hsp90_protein
Pseudom_chl_aurantiaca_GCF_003851165_1_WP_028681907	445.3	Hsp90_protein
Pseudom_chl_aurantiaca_GCF_003851205_1_WP_029526163	445.7	Hsp90_protein
Pseudom_chl_aurantiaca_GCF_003851225_1_WP_028681907	445.3	Hsp90_protein
Pseudom_chl_aurantiaca_GCF_003851265_1_WP_124310656	444.8	Hsp90_protein
Pseudom_chl_aurantiaca_GCF_003851305_1_WP_124336226	444.5	Hsp90_protein
Pseudom_chl_aurantiaca_GCF_003851345_1_WP_124337859	446.6	Hsp90_protein
Pseudom_chl_aurantiaca_GCF_003851805_1_WP_029526163	445.7	Hsp90_protein
Pseudom_chl_aurantiaca_GCF_003851835_1_WP_028681907	445.3	Hsp90_protein
Pseudom_chl_aurantiaca_GCF_009362955_1_WP_023968372	444.1	Hsp90_protein
Pseudom_chl_aurantiaca_GCF_010092525_1_WP_162094658	444.9	Hsp90_protein
Pseudom_chl_aurantiaca_GCF_012029635_1_WP_028681907	445.3	Hsp90_protein
Pseudom_chl_aurantiaca_GCF_013466605_1_WP_180924684	446.0	Hsp90_protein
Pseudom_chl_aurantiaca_GCF_016757635_1_WP_162094658	444.9	Hsp90_protein
Pseudom_chl_aureofaciens_30_84_GCF_000281915_1_WP_009042796	443.5	Hsp90_protein
Pseudom_chl_aureofaciens_GCF_003851365_1_WP_029526163	445.7	Hsp90_protein
Pseudom_chl_aureofaciens_GCF_003851385_1_WP_009047775	445.3	Hsp90_protein
Pseudom_chl_aureofaciens_GCF_003851405_1_WP_009047775	445.3	Hsp90_protein
Pseudom_chl_aureofaciens_GCF_003851445_1_WP_029526163	445.7	Hsp90_protein
Pseudom_chl_aureofaciens_GCF_003851865_1_WP_124310656	444.8	Hsp90_protein
Pseudom_chl_aureofaciens_GCF_003851905_1_WP_029526163	445.7	Hsp90_protein
Pseudom_chl_aureofaciens_GCF_003851925_1_WP_029526163	445.7	Hsp90_protein
Pseudom_chl_aureofaciens_GCF_003851955_1_WP_029526163	445.7	Hsp90_protein
Pseudom_chl_aureofaciens_GCF_003852005_1_WP_029526163	445.7	Hsp90_protein
Pseudom_chl_aureofaciens_GCF_016413685_1_WP_028681907	445.3	Hsp90_protein
Pseudom_chl_chlororaphis_GCF_003945765_1_WP_053260599	444.2	Hsp90_protein
Pseudom_chl_piscium_GCF_003008635_1_WP_025805268	444.7	Hsp90_protein
Pseudom_chl_piscium_GCF_003850345_1_WP_025805268	444.7	Hsp90_protein
Pseudom_chl_piscium_GCF_003850365_1_WP_025805268	444.7	Hsp90_protein
Pseudom_chl_piscium_GCF_003850385_1_WP_025805268	444.7	Hsp90_protein
Pseudom_chl_piscium_GCF_003850405_1_WP_025805268	444.7	Hsp90_protein
Pseudom_chl_piscium_GCF_003850425_1_WP_025805268	444.7	Hsp90_protein
Pseudom_chl_piscium_GCF_003850445_1_WP_025805268	444.7	Hsp90_protein
Pseudom_chl_piscium_GCF_003850465_1_WP_025805268	444.7	Hsp90_protein
Pseudom_chl_piscium_GCF_003850485_1_WP_025805268	444.7	Hsp90_protein
Pseudom_chl_piscium_GCF_003850505_1_WP_025805268	444.7	Hsp90_protein
Pseudom_chl_piscium_GCF_003850525_1_WP_025805268	444.7	Hsp90_protein
Pseudom_chl_piscium_GCF_003850585_1_WP_025805268	444.7	Hsp90_protein
Pseudom_cic_GCF_018343775_1_WP_025260624	448.0	Hsp90_protein
Pseudom_cic_GCF_018968705_1_WP_216703432	447.8	Hsp90_protein
Pseudom_cic_JBC1_GCF_000517305_1_WP_025260624	448.0	Hsp90_protein
Pseudom_cit_GCF_001586155_1_WP_061561317	446.7	Hsp90_protein
Pseudom_cit_GCF_001654435_1_WP_064583574	447.2	Hsp90_protein
Pseudom_con_GCF_018516745_1_WP_096125580	445.8	Hsp90_protein
Pseudom_con_GCF_018516785_1_WP_096125580	445.8	Hsp90_protein
Pseudom_coro_GCF_011765175_1_WP_122356068	442.6	Hsp90_protein
Pseudom_coro_pv_coronafaciens_GCF_009734285_1_WP_122356068	442.6	Hsp90_protein
Pseudom_coro_pv_oryzae_1_6_GCF_000156995_2_WP_005897009	443.0	Hsp90_protein
Pseudom_corr_GCF_001708425_1_WP_024780608	446.3	Hsp90_protein
Pseudom_corr_GCF_017604325_1_WP_024780608	446.3	Hsp90_protein
Pseudom_corr_GCF_900106085_1_WP_024780608	446.3	Hsp90_protein
Pseudom_ento_GCF_003940785_1_WP_125464885	447.7	Hsp90_protein
Pseudom_ento_GCF_018417595_1_WP_213657593	446.9	Hsp90_protein
Pseudom_ento_L48_GCF_000026105_1_WP_011534742	446.4	Hsp90_protein
Pseudom_flu_A506_GCF_000262325_2_WP_014717738	450.4	Hsp90_protein
Pseudom_flu_BBc6R8_GCF_000297195_3_WP_003210561	446.2	Hsp90_protein
Pseudom_flu_GCF_000730425_1_WP_038448196	449.3	Hsp90_protein
Pseudom_flu_GCF_001307155_1_WP_054598153	442.4	Hsp90_protein
Pseudom_flu_GCF_001307275_1_WP_060743152	446.3	Hsp90_protein
Pseudom_flu_GCF_001623525_1_WP_060743152	446.3	Hsp90_protein
Pseudom_flu_GCF_001708445_1_WP_041161130	447.2	Hsp90_protein
Pseudom_flu_GCF_001708465_1_WP_041161130	447.2	Hsp90_protein
Pseudom_flu_GCF_001747385_1_WP_038452119	449.4	Hsp90_protein
Pseudom_flu_GCF_001878715_1_WP_208938185	443.2	Hsp90_protein
Pseudom_flu_GCF_002865505_1_WP_134925311	448.6	Hsp90_protein
Pseudom_flu_GCF_003055645_1_WP_199913008	446.4	Hsp90_protein
Pseudom_flu_GCF_003352875_1_WP_115079908	443.6	Hsp90_protein
Pseudom_flu_GCF_003410335_1_WP_116834264	445.0	Hsp90_protein
Pseudom_flu_GCF_003612935_1_WP_120450672	444.8	Hsp90_protein
Pseudom_flu_GCF_003626995_1_WP_057438909	447.8	Hsp90_protein
Pseudom_flu_GCF_004683905_1_WP_047600274	444.5	Hsp90_protein
Pseudom_flu_GCF_010448615_1_WP_163974343	444.5	Hsp90_protein
Pseudom_flu_GCF_010668965_1_WP_060743152	446.3	Hsp90_protein
Pseudom_flu_GCF_012974785_1_WP_169429455	444.0	Hsp90_protein
Pseudom_flu_GCF_013401475_1_WP_032889307	449.9	Hsp90_protein
Pseudom_flu_GCF_015074865_1_WP_041161130	447.2	Hsp90_protein
Pseudom_flu_GCF_016728065_1_WP_014717738	450.4	Hsp90_protein
Pseudom_flu_GCF_017498465_1_WP_207985449	443.4	Hsp90_protein
Pseudom_flu_GCF_017948385_1_WP_120450672	444.8	Hsp90_protein
Pseudom_flu_GCF_018502625_1_WP_214381643	442.5	Hsp90_protein
Pseudom_flu_GCF_019212185_1_WP_027621091	445.2	Hsp90_protein
Pseudom_flu_GCF_022023875_1_WP_053255363	446.9	Hsp90_protein
Pseudom_flu_GCF_900215245_1_WP_053255363	446.9	Hsp90_protein
Pseudom_flu_GCF_900475215_1_WP_053255363	446.9	Hsp90_protein
Pseudom_flu_GCF_900636825_1_WP_126361402	442.0	Hsp90_protein
Pseudom_flu_NCIMB_11764_GCF_000293885_2_WP_031318553	444.1	Hsp90_protein
Pseudom_flu_Pf0_1_GCF_000012445_1_WP_011333126	446.1	Hsp90_protein
Pseudom_flu_Q2_87_GCF_000281895_1_WP_003179247	446.9	Hsp90_protein
Pseudom_flu_Q8r1_96_GCF_000263695_1_WP_003204412	445.0	Hsp90_protein
Pseudom_flu_R124_GCF_000292795_1_WP_003223031	444.8	Hsp90_protein
Pseudom_flu_SBW25_GCF_000009225_2_WP_043205029	448.4	Hsp90_protein
Pseudom_flu_WH6_GCF_000166515_1_WP_003172821	450.4	Hsp90_protein
Pseudom_fra_GCF_001543265_1_WP_003446928	446.4	Hsp90_protein
Pseudom_fra_GCF_002128325_1_WP_016780177	447.6	Hsp90_protein
Pseudom_fra_GCF_002205455_1_WP_088379393	445.9	Hsp90_protein
Pseudom_fra_GCF_015476275_1_WP_016780177	447.6	Hsp90_protein
Pseudom_fra_GCF_015767515_1_WP_196882609	447.6	Hsp90_protein
Pseudom_fra_GCF_900105835_1_WP_016780177	447.6	Hsp90_protein
Pseudom_fre_GCF_001874645_1_WP_071555707	441.6	Hsp90_protein
Pseudom_fre_GCF_001952935_1_WP_076031555	444.2	Hsp90_protein
Pseudom_fre_GCF_002355315_1_WP_026331729	443.4	Hsp90_protein
Pseudom_ful_12_X_GCF_000213805_1_WP_013791576	453.6	Hsp90_protein
Pseudom_ful_GCF_002951475_1_WP_028686595	454.9	Hsp90_protein
Pseudom_ful_GCF_015679205_1_WP_059183789	454.7	Hsp90_protein
Pseudom_ful_GCF_015679225_1_WP_059183789	454.7	Hsp90_protein
Pseudom_gra_GCF_016859165_1_WP_203421265	446.1	Hsp90_protein
Pseudom_gra_GCF_900105485_1_WP_090288451	443.3	Hsp90_protein
Pseudom_junt_GCF_021560075_1_WP_029887686	451.9	Hsp90_protein
Pseudom_junt_GCF_021725455_1_WP_054890328	451.2	Hsp90_protein
Pseudom_kna_B13_GCF_000689415_1_WP_043253314	446.9	Hsp90_protein
Pseudom_kna_GCF_009911755_1_WP_160287600	444.7	Hsp90_protein
Pseudom_kor_GCF_001605965_1_WP_041479561	441.9	Hsp90_protein
Pseudom_kor_GCF_001654515_1_WP_064589968	443.2	Hsp90_protein
Pseudom_kor_GCF_900101415_1_WP_083369358	443.2	Hsp90_protein
Pseudom_kri_GCF_003352185_1_WP_085710674	443.0	Hsp90_protein
Pseudom_kri_GCF_021398855_1_WP_234204726	446.6	Hsp90_protein
Pseudom_lal_GCF_008807375_1_WP_151133067	446.4	Hsp90_protein
Pseudom_lal_GCF_020422905_1_WP_226284043	445.8	Hsp90_protein
Pseudom_lib_GCF_003952245_1_WP_044273084	450.1	Hsp90_protein
Pseudom_lib_GCF_900101035_1_WP_057014125	449.5	Hsp90_protein
Pseudom_lun_GCF_001020725_2_WP_047274282	448.5	Hsp90_protein
Pseudom_lun_GCF_015377145_2_WP_047274282	448.5	Hsp90_protein
Pseudom_lun_GCF_018449005_1_WP_047274282	448.5	Hsp90_protein
Pseudom_lur_GCF_001708485_1_WP_025858543	448.3	Hsp90_protein
Pseudom_lur_GCF_002966835_1_WP_025858543	448.3	Hsp90_protein
Pseudom_man_GCF_019693255_1_WP_102595537	444.3	Hsp90_protein
Pseudom_man_GCF_900106065_1_WP_083377278	443.7	Hsp90_protein
Pseudom_man_JR_1_GCF_000257545_3_WP_010456828	443.6	Hsp90_protein
Pseudom_med_GCF_009818265_1_WP_024780608	446.3	Hsp90_protein
Pseudom_med_GCF_900106005_1_WP_024780608	446.3	Hsp90_protein
Pseudom_men_GCF_002155165_1_WP_148118021	452.7	Hsp90_protein
Pseudom_men_GCF_002442555_1_WP_096826594	453.6	Hsp90_protein
Pseudom_men_GCF_003008615_1_WP_106740786	443.4	Hsp90_protein
Pseudom_men_GCF_017798225_1_WP_209449957	445.3	Hsp90_protein
Pseudom_men_GCF_900636545_1_WP_041979468	441.9	Hsp90_protein
Pseudom_men_NK_01_GCF_000204295_1_WP_013715396	443.4	Hsp90_protein
Pseudom_men_S5_2_GCF_000733715_2_WP_017360788	445.2	Hsp90_protein
Pseudom_mont_GCF_002943995_1_WP_104834281	449.8	Hsp90_protein
Pseudom_mont_GCF_003671975_1_WP_016711640	453.2	Hsp90_protein
Pseudom_mont_GCF_009831395_1_WP_016711640	453.2	Hsp90_protein
Pseudom_mont_GCF_011045675_1_WP_164524847	449.1	Hsp90_protein
Pseudom_mont_GCF_011045695_1_WP_164524847	449.1	Hsp90_protein
Pseudom_mont_GCF_015136515_1_WP_104834281	449.8	Hsp90_protein
Pseudom_mont_GCF_021497465_1_WP_016711640	453.2	Hsp90_protein
Pseudom_mont_SB3078_GCF_000510285_1_WP_023661535	453.0	Hsp90_protein
Pseudom_mont_SB3101_GCF_000510325_1_WP_023661535	453.0	Hsp90_protein
Pseudom_mor_GCF_900105805_1_WP_042607640	441.9	Hsp90_protein
Pseudom_mor_R28_S_GCF_000512275_1_WP_051600629	441.9	Hsp90_protein
Pseudom_mos_GCF_002309555_1_WP_096048329	447.9	Hsp90_protein
Pseudom_mos_GCF_002736065_1_WP_096048329	447.9	Hsp90_protein
Pseudom_mos_GCF_019823065_1_WP_028690467	448.0	Hsp90_protein
Pseudom_muc_GCF_900106045_1_WP_084381149	447.0	Hsp90_protein
Pseudom_muc_GCF_900475945_1_WP_084381149	447.0	Hsp90_protein
Pseudom_oga_GCF_000237065_1_WP_041476384	444.4	Hsp90_protein
Pseudom_oga_GCF_002879715_1_WP_041476384	444.4	Hsp90_protein
Pseudom_ori_GCF_002934065_1_WP_104505255	445.3	Hsp90_protein
Pseudom_ori_GCF_003851585_1_WP_124422965	446.1	Hsp90_protein
Pseudom_ori_GCF_003851605_1_WP_124357717	446.8	Hsp90_protein
Pseudom_ori_GCF_003851645_1_WP_124357717	446.8	Hsp90_protein
Pseudom_ori_GCF_003852045_1_WP_124432083	446.3	Hsp90_protein
Pseudom_ori_GCF_900105795_1_WP_057723270	448.6	Hsp90_protein
Pseudom_ory_GCF_001518815_1_WP_059314198	457.5	Hsp90_protein
Pseudom_ory_GCF_003293465_1_WP_208694568	452.7	Hsp90_protein
Pseudom_ory_GCF_008693825_1_WP_144945964	454.3	Hsp90_protein
Pseudom_oti_GCF_011397855_1_WP_142010632	443.3	Hsp90_protein
Pseudom_oti_GCF_014161995_1_WP_142010632	443.3	Hsp90_protein
Pseudom_oti_GCF_019879085_1_WP_142010632	443.3	Hsp90_protein
Pseudom_par_GCF_000800255_1_WP_039578643	453.2	Hsp90_protein
Pseudom_par_GCF_002021815_1_WP_058602670	455.6	Hsp90_protein
Pseudom_par_GCF_003410295_1_WP_116888545	450.3	Hsp90_protein
Pseudom_ple_GCF_000831585_1_WP_023661535	453.0	Hsp90_protein
Pseudom_ple_GCF_003391255_1_WP_016393108	449.0	Hsp90_protein
Pseudom_ple_GCF_013378035_1_WP_016393108	449.0	Hsp90_protein
Pseudom_poae_GCF_014930995_1_WP_197623378	450.7	Hsp90_protein
Pseudom_poae_GCF_900103965_1_WP_060549297	449.6	Hsp90_protein
Pseudom_poae_RE_1_1_14_GCF_000336465_1_WP_015371648	449.5	Hsp90_protein
Pseudom_pro_CHA0_GCF_000397205_1_WP_011060059	445.3	Hsp90_protein
Pseudom_pro_CHA0_GCF_900560965_1_WP_011060059	445.3	Hsp90_protein
Pseudom_pro_Cab57_GCF_000828695_1_WP_011060059	445.3	Hsp90_protein
Pseudom_pro_GCF_002006545_1_WP_011060059	445.3	Hsp90_protein
Pseudom_pro_GCF_002208745_2_WP_011060059	445.3	Hsp90_protein
Pseudom_pro_GCF_003363755_1_WP_102864108	445.2	Hsp90_protein
Pseudom_pro_GCF_008807675_1_WP_011060059	445.3	Hsp90_protein
Pseudom_pro_GCF_008807695_1_WP_011060059	445.3	Hsp90_protein
Pseudom_pro_GCF_008807715_1_WP_011060059	445.3	Hsp90_protein
Pseudom_pro_GCF_009745915_1_WP_011060059	445.3	Hsp90_protein
Pseudom_pro_GCF_013407925_2_WP_042942141	446.7	Hsp90_protein
Pseudom_pro_GCF_013409685_2_WP_042942141	446.7	Hsp90_protein
Pseudom_pro_GCF_016903635_1_WP_011060059	445.3	Hsp90_protein
Pseudom_pro_GCF_017347385_1_WP_102864108	445.2	Hsp90_protein
Pseudom_pro_GCF_017923085_1_WP_011060059	445.3	Hsp90_protein
Pseudom_pro_GCF_017923175_1_WP_011060059	445.3	Hsp90_protein
Pseudom_pro_GCF_017923275_1_WP_011060059	445.3	Hsp90_protein
Pseudom_pro_GCF_017923375_1_WP_011060059	445.3	Hsp90_protein
Pseudom_pro_GCF_017927795_1_WP_011060059	445.3	Hsp90_protein
Pseudom_pro_GCF_017930355_1_WP_011060059	445.3	Hsp90_protein
Pseudom_pro_GCF_019466035_1_WP_011060059	445.3	Hsp90_protein
Pseudom_pro_GCF_019754235_1_WP_102864108	445.2	Hsp90_protein
Pseudom_pro_Pf_5_GCF_000012265_1_WP_011060059	445.3	Hsp90_protein
Pseudom_psychrop_GCF_011040435_1_WP_046808666	444.5	Hsp90_protein
Pseudom_psychrop_GCF_900106105_1_WP_046808666	444.5	Hsp90_protein
Pseudom_psychrot_GCF_001913135_1_WP_058774090	452.2	Hsp90_protein
Pseudom_psychrot_GCF_006384975_1_WP_140221152	453.3	Hsp90_protein
Pseudom_psychrot_GCF_014522265_1_WP_187978801	454.0	Hsp90_protein
Pseudom_puti_B6_2_GCF_000226035_2_WP_019750846	452.0	Hsp90_protein
Pseudom_puti_BIRD_1_GCF_000183645_1_WP_014590273	451.0	Hsp90_protein
Pseudom_puti_DOT_T1E_GCF_000281215_1_WP_003251518	449.6	Hsp90_protein
Pseudom_puti_GB_1_GCF_000019125_1_WP_012273345	450.0	Hsp90_protein
Pseudom_puti_GCF_000691565_1_WP_023661535	453.0	Hsp90_protein
Pseudom_puti_GCF_001515585_1_WP_028690467	448.0	Hsp90_protein
Pseudom_puti_GCF_001630725_2_WP_063424493	450.6	Hsp90_protein
Pseudom_puti_GCF_001636055_1_WP_054894245	453.0	Hsp90_protein
Pseudom_puti_GCF_001886975_1_WP_012273345	450.0	Hsp90_protein
Pseudom_puti_GCF_001908395_1_WP_025339964	450.9	Hsp90_protein
Pseudom_puti_GCF_002025705_1_WP_079228997	451.9	Hsp90_protein
Pseudom_puti_GCF_002356095_1_WP_070086416	448.3	Hsp90_protein
Pseudom_puti_GCF_002736045_1_WP_099428723	447.9	Hsp90_protein
Pseudom_puti_GCF_002736125_1_WP_085272566	446.9	Hsp90_protein
Pseudom_puti_GCF_002741075_1_WP_070092880	448.0	Hsp90_protein
Pseudom_puti_GCF_003290365_1_WP_054894245	453.0	Hsp90_protein
Pseudom_puti_GCF_003671955_1_WP_012051738	451.0	Hsp90_protein
Pseudom_puti_GCF_005080685_1_WP_136915774	449.5	Hsp90_protein
Pseudom_puti_GCF_007833495_1_WP_102690049	448.2	Hsp90_protein
Pseudom_puti_GCF_008605605_1_WP_029887686	451.9	Hsp90_protein
Pseudom_puti_GCF_009883635_2_WP_159411389	452.8	Hsp90_protein
Pseudom_puti_GCF_009938035_1_WP_161990026	453.2	Hsp90_protein
Pseudom_puti_GCF_013305625_1_WP_003251518	449.6	Hsp90_protein
Pseudom_puti_GCF_013425825_1_WP_180688592	450.5	Hsp90_protein
Pseudom_puti_GCF_014076515_1_WP_182374802	449.6	Hsp90_protein
Pseudom_puti_GCF_014162535_1_WP_043211396	453.6	Hsp90_protein
Pseudom_puti_GCF_014169055_1_WP_182941411	453.6	Hsp90_protein
Pseudom_puti_GCF_014217705_1_WP_003251518	449.6	Hsp90_protein
Pseudom_puti_GCF_014726755_1_WP_054899911	449.4	Hsp90_protein
Pseudom_puti_GCF_014764425_1_WP_070086416	448.3	Hsp90_protein
Pseudom_puti_GCF_014854555_1_WP_029887686	451.9	Hsp90_protein
Pseudom_puti_GCF_016406145_1_WP_012315339	453.9	Hsp90_protein
Pseudom_puti_GCF_018141045_1_WP_012051738	451.0	Hsp90_protein
Pseudom_puti_GCF_019355435_1_WP_010954944	451.6	Hsp90_protein
Pseudom_puti_GCF_900156185_1_WP_014590273	451.0	Hsp90_protein
Pseudom_puti_GCF_900167985_1_WP_010954944	451.6	Hsp90_protein
Pseudom_puti_GCF_900636645_1_WP_010954944	451.6	Hsp90_protein
Pseudom_puti_H8234_GCF_000410575_1_WP_016488272	449.6	Hsp90_protein
Pseudom_puti_HB3267_GCF_000325725_1_WP_015271091	453.0	Hsp90_protein
Pseudom_puti_JB_GCF_001767335_1_WP_014590273	451.0	Hsp90_protein
Pseudom_puti_KT2440_GCF_000007565_2_WP_010954944	451.6	Hsp90_protein
Pseudom_puti_NBRC_14164_GCF_000412675_1_WP_016498701	450.2	Hsp90_protein
Pseudom_puti_ND6_GCF_000264665_3_WP_003251518	449.6	Hsp90_protein
Pseudom_puti_S12_GCF_000495455_2_WP_014590273	451.0	Hsp90_protein
Pseudom_puti_S13_1_2_GCF_000498395_2_WP_019472031	451.8	Hsp90_protein
Pseudom_puti_S16_GCF_000219705_1_WP_023661535	453.0	Hsp90_protein
Pseudom_puti_SJTE_1_GCF_000271965_2_WP_003251518	449.6	Hsp90_protein
Pseudom_rho_GCF_013285305_1_WP_034096793	448.7	Hsp90_protein
Pseudom_rho_GCF_018417555_1_WP_034096793	448.7	Hsp90_protein
Pseudom_rho_GCF_018417575_1_WP_213633618	448.7	Hsp90_protein
Pseudom_rho_GCF_900105575_1_WP_034096793	448.7	Hsp90_protein
Pseudom_sav_GCF_014855475_1_WP_005745258	445.5	Hsp90_protein
Pseudom_sav_GCF_020917325_1_WP_058409236	445.6	Hsp90_protein
Pseudom_sav_pv_phaseolicola_1448A_GCF_000012205_1_WP_011168320	445.4	Hsp90_protein
Pseudom_sav_pv_savastanoi_GCF_022026035_1_WP_031594909	445.3	Hsp90_protein
Pseudom_sav_pv_savastanoi_NCPPB_3335_GCF_000164015_3_WP_002552986	445.3	Hsp90_protein
Pseudom_ses_GCF_003850565_1_WP_068587936	445.3	Hsp90_protein
Pseudom_ses_GCF_019139855_1_WP_068587936	445.3	Hsp90_protein
Pseudom_sim_GCF_000698265_1_WP_010211718	448.2	Hsp90_protein
Pseudom_sim_GCF_000934565_1_WP_010211718	448.2	Hsp90_protein
Pseudom_sim_GCF_000963495_1_WP_010211718	448.2	Hsp90_protein
Pseudom_sim_GCF_016134935_2_WP_031291036	448.1	Hsp90_protein
Pseudom_stu_A1501_GCF_000013785_1_WP_011913029	462.2	Hsp90_protein
Pseudom_stu_CCUG_29243_GCF_000267545_1_WP_014820467	460.3	Hsp90_protein
Pseudom_stu_DSM_10701_GCF_000279165_1_WP_014853559	456.0	Hsp90_protein
Pseudom_stu_DSM_4166_GCF_000195105_1_WP_014596529	461.7	Hsp90_protein
Pseudom_stu_GCF_000219605_1_WP_011913029	462.2	Hsp90_protein
Pseudom_stu_GCF_000590475_1_WP_025241386	456.7	Hsp90_protein
Pseudom_stu_GCF_000661915_1_WP_038660832	457.8	Hsp90_protein
Pseudom_stu_GCF_001038645_1_WP_011913029	462.2	Hsp90_protein
Pseudom_stu_GCF_001648195_1_WP_064482510	458.1	Hsp90_protein
Pseudom_stu_GCF_003001655_1_WP_106155103	458.9	Hsp90_protein
Pseudom_stu_GCF_003008495_1_WP_106443350	462.5	Hsp90_protein
Pseudom_stu_GCF_003047145_2_WP_011913029	462.2	Hsp90_protein
Pseudom_stu_GCF_005844005_1_WP_138299813	456.7	Hsp90_protein
Pseudom_stu_GCF_009740185_1_WP_156714321	456.3	Hsp90_protein
Pseudom_stu_GCF_009789555_1_WP_158188325	457.7	Hsp90_protein
Pseudom_stu_GCF_015291885_1_WP_003285428	459.8	Hsp90_protein
Pseudom_stu_GCF_015680045_1_WP_196111158	463.6	Hsp90_protein
Pseudom_stu_GCF_016028515_1_WP_102841275	461.8	Hsp90_protein
Pseudom_stu_GCF_016028635_1_WP_043298422	456.2	Hsp90_protein
Pseudom_stu_GCF_016028655_1_WP_011913029	462.2	Hsp90_protein
Pseudom_stu_GCF_016127795_1_WP_101275607	461.1	Hsp90_protein
Pseudom_stu_GCF_017577085_1_WP_208218247	462.4	Hsp90_protein
Pseudom_stu_GCF_018138085_1_WP_212620075	456.3	Hsp90_protein
Pseudom_stu_GCF_019203165_1_WP_218422534	459.7	Hsp90_protein
Pseudom_stu_GCF_019264725_1_WP_011913029	462.2	Hsp90_protein
Pseudom_stu_GCF_019704535_1_WP_019407612	462.2	Hsp90_protein
Pseudom_stu_GCF_021610005_1_WP_017245268	461.8	Hsp90_protein
Pseudom_stu_GCF_900636845_1_WP_011913029	462.2	Hsp90_protein
Pseudom_stu_GCF_900638035_1_WP_101275607	461.1	Hsp90_protein
Pseudom_stu_RCH2_GCF_000327065_1_WP_015277267	456.5	Hsp90_protein
Pseudom_syn_BG33R_GCF_000263715_2_WP_005786592	449.4	Hsp90_protein
Pseudom_syn_GCF_000968415_2_WP_046072535	449.3	Hsp90_protein
Pseudom_syn_GCF_001602175_1_WP_056846272	449.2	Hsp90_protein
Pseudom_syn_GCF_003851465_1_WP_124377114	449.2	Hsp90_protein
Pseudom_syn_GCF_003851495_1_WP_043051013	449.2	Hsp90_protein
Pseudom_syn_GCF_003851525_1_WP_057014125	449.5	Hsp90_protein
Pseudom_syn_GCF_003851555_1_WP_057014125	449.5	Hsp90_protein
Pseudom_syn_GCF_003852025_1_WP_057014125	449.5	Hsp90_protein
Pseudom_syn_GCF_900105675_1_WP_057014125	449.5	Hsp90_protein
Pseudom_syn_GCF_900497645_1_WP_216090963	448.5	Hsp90_protein
Pseudom_syn_GCF_901482615_1_WP_057014125	449.5	Hsp90_protein
Pseudom_syr_CC1557_GCF_000452705_1_WP_024647137	448.3	Hsp90_protein
Pseudom_syr_Cit_7_GCF_000145825_2_WP_003366712	445.8	Hsp90_protein
Pseudom_syr_GCF_004323795_1_WP_005769616	446.0	Hsp90_protein
Pseudom_syr_GCF_014524645_1_WP_003366712	445.8	Hsp90_protein
Pseudom_syr_GCF_016694755_2_WP_004410339	446.3	Hsp90_protein
Pseudom_syr_GCF_018388485_1_WP_213630531	444.0	Hsp90_protein
Pseudom_syr_GCF_018388505_1_WP_198699793	444.8	Hsp90_protein
Pseudom_syr_GCF_018388525_1_WP_213569455	443.6	Hsp90_protein
Pseudom_syr_GCF_018394375_1_WP_003423593	446.4	Hsp90_protein
Pseudom_syr_GCF_018604405_1_WP_003423593	446.4	Hsp90_protein
Pseudom_syr_GCF_900105295_1_WP_003366712	445.8	Hsp90_protein
Pseudom_syr_GCF_900235815_1_WP_060403788	444.7	Hsp90_protein
Pseudom_syr_GCF_900289125_1_WP_060403788	444.7	Hsp90_protein
Pseudom_syr_UB303_GCF_000452565_2_WP_003406139	445.9	Hsp90_protein
Pseudom_syr_UMAF0158_GCF_001281365_1_WP_003366712	445.8	Hsp90_protein
Pseudom_syr_USA011_GCF_000452525_3_WP_024639736	448.8	Hsp90_protein
Pseudom_syr_pv_actinidiae_GCF_001913215_1_WP_003379756	444.7	Hsp90_protein
Pseudom_syr_pv_actinidiae_GCF_001913235_1_WP_003379756	444.7	Hsp90_protein
Pseudom_syr_pv_actinidiae_GCF_002024285_1_WP_003379756	444.7	Hsp90_protein
Pseudom_syr_pv_actinidiae_GCF_002024305_1_WP_003379756	444.7	Hsp90_protein
Pseudom_syr_pv_actinidiae_GCF_002763655_1_WP_099978568	444.7	Hsp90_protein
Pseudom_syr_pv_actinidiae_GCF_003665415_1_WP_003379756	444.7	Hsp90_protein
Pseudom_syr_pv_actinidiae_ICMP_18708_GCF_000344355_2_WP_003379756	444.7	Hsp90_protein
Pseudom_syr_pv_actinidiae_ICMP_18884_GCF_000648735_3_WP_003379756	444.7	Hsp90_protein
Pseudom_syr_pv_actinidiae_ICMP_9617_GCF_000658965_1_WP_003379756	444.7	Hsp90_protein
Pseudom_syr_pv_actinidiae_ICMP_9853_GCF_000344335_2_WP_003379756	444.7	Hsp90_protein
Pseudom_syr_pv_actinidiae_Shaanxi_M228_GCF_000344475_3_WP_003379756	444.7	Hsp90_protein
Pseudom_syr_pv_atrofaciens_GCF_003047185_1_WP_003423593	446.4	Hsp90_protein
Pseudom_syr_pv_avii_GCF_900235835_1_WP_060414351	444.8	Hsp90_protein
Pseudom_syr_pv_cerasicola_GCF_900235885_1_WP_057458835	448.4	Hsp90_protein
Pseudom_syr_pv_lapsa_GCF_001482725_1_WP_057406789	446.4	Hsp90_protein
Pseudom_syr_pv_pisi_PP1_GCF_000452445_2_WP_024649195	446.4	Hsp90_protein
Pseudom_syr_pv_syringae_B301D_GCF_000988485_1_WP_003406139	445.9	Hsp90_protein
Pseudom_syr_pv_syringae_B64_GCF_000331385_1_WP_003423593	446.4	Hsp90_protein
Pseudom_syr_pv_syringae_B728a_GCF_000012245_1_WP_003406139	445.9	Hsp90_protein
Pseudom_syr_pv_syringae_GCF_002905815_2_WP_054092862	445.9	Hsp90_protein
Pseudom_syr_pv_syringae_GCF_900235825_1_WP_104683956	446.8	Hsp90_protein
Pseudom_syr_pv_syringae_GCF_900235865_1_WP_096127406	445.4	Hsp90_protein
Pseudom_syr_pv_syringae_HS191_GCF_000988395_1_WP_003423593	446.4	Hsp90_protein
Pseudom_syr_pv_syringae_SM_GCF_000412165_1_WP_016567776	446.3	Hsp90_protein
Pseudom_tae_GCF_900475285_1_WP_048382461	448.0	Hsp90_protein
Pseudom_tae_GCF_900637735_1_WP_048382461	448.0	Hsp90_protein
Pseudom_thi_GCF_003293325_1_WP_060743152	446.3	Hsp90_protein
Pseudom_thi_GCF_003293395_1_WP_060743152	446.3	Hsp90_protein
Pseudom_thi_GCF_900102295_1_WP_053124203	445.6	Hsp90_protein
Pseudom_tol_GCF_002072675_1_WP_026083304	447.6	Hsp90_protein
Pseudom_tol_GCF_019285655_1_WP_026083304	447.6	Hsp90_protein
Pseudom_tri_GCF_001186335_1_WP_049713387	446.8	Hsp90_protein
Pseudom_tri_GCF_900104885_1_WP_057008441	448.8	Hsp90_protein
Pseudom_ums_GCF_008824165_1_WP_151141010	441.1	Hsp90_protein
Pseudom_ums_GCF_012647205_1_WP_033044612	441.1	Hsp90_protein
Pseudom_ums_GCF_900105285_1_WP_033044612	441.1	Hsp90_protein
Pseudom_ver_GCF_002028325_1_WP_017846776	446.1	Hsp90_protein
Pseudom_ver_GCF_004919535_4_WP_017846776	446.1	Hsp90_protein
Pseudom_ver_GCF_021233455_1_WP_017846776	446.1	Hsp90_protein
Pseudom_ver_GCF_903970695_1_WP_017846776	446.1	Hsp90_protein
Pseudom_vir_GCF_018388545_1_WP_043306393	445.2	Hsp90_protein
Pseudom_vir_GCF_019104005_1_WP_217667769	442.8	Hsp90_protein
Pseudom_vir_GCF_019104025_1_WP_217669654	447.5	Hsp90_protein
Pseudom_vir_GCF_019104045_1_WP_025996423	446.6	Hsp90_protein
Pseudom_vir_GCF_019104065_1_WP_217661358	446.6	Hsp90_protein
Pseudom_vir_GCF_019104085_1_WP_004882570	446.6	Hsp90_protein
Pseudom_vir_GCF_900184295_1_WP_004882570	446.6	Hsp90_protein
Pseudom_yam_GCF_001612705_2_WP_063033923	447.3	Hsp90_protein
Pseudom_yam_GCF_013403585_1_WP_155583224	447.9	Hsp90_protein
Pseudom_yam_GCF_900105735_1_WP_063033923	447.3	Hsp90_protein
Psy_cry_GCF_002208765_2_WP_011514316	445.3	Hsp90_protein
Psy_cry_K5_GCF_000013905_1_WP_011514316	445.3	Hsp90_protein
Sa_ente_enterica_Typhimurium_LT2_NP_459482	434.4	Hsp90_protein
She_alg_GCF_003721455_1_WP_025011038	453.5	Hsp90_protein
She_alg_GCF_009183365_2_WP_025011038	453.5	Hsp90_protein
She_alg_GCF_009730655_1_WP_156019321	453.3	Hsp90_protein
She_alg_GCF_009846595_1_WP_109247395	451.3	Hsp90_protein
She_alg_GCF_014263185_1_WP_025011038	453.5	Hsp90_protein
She_alg_GCF_014702225_1_WP_044734784	453.4	Hsp90_protein
She_alg_GCF_017570045_1_WP_025011038	453.5	Hsp90_protein
She_alg_GCF_017570125_1_WP_208124892	453.0	Hsp90_protein
She_alg_GCF_017570225_1_WP_025011038	453.5	Hsp90_protein
She_alg_GCF_017570325_1_WP_208129278	453.7	Hsp90_protein
She_alg_GCF_018799065_1_WP_025011038	453.5	Hsp90_protein
She_alg_GCF_019265005_1_WP_109247395	451.3	Hsp90_protein
She_alg_GCF_019265025_1_WP_109247395	451.3	Hsp90_protein
She_alg_GCF_019265045_1_WP_109247395	451.3	Hsp90_protein
She_alg_GCF_019670525_1_WP_109247395	451.3	Hsp90_protein
She_alg_GCF_019670545_1_WP_221052175	453.8	Hsp90_protein
She_alg_GCF_019670585_1_WP_144224654	453.6	Hsp90_protein
She_alg_GCF_019670605_1_WP_044734784	453.4	Hsp90_protein
She_alg_GCF_019670625_1_WP_044734784	453.4	Hsp90_protein
She_alg_GCF_019670645_1_WP_221055240	453.6	Hsp90_protein
She_alg_GCF_019670665_1_WP_044734784	453.4	Hsp90_protein
She_alg_GCF_019670685_1_WP_044734784	453.4	Hsp90_protein
She_balt_BA175_GCF_000147735_2_WP_006082056	440.4	Hsp90_protein
She_balt_GCF_003030925_1_WP_107404359	443.0	Hsp90_protein
She_balt_GCF_003052765_1_WP_107947962	440.5	Hsp90_protein
She_balt_GCF_900636855_1_WP_006082056	440.4	Hsp90_protein
She_balt_OS117_GCF_000215895_1_WP_011847045	439.6	Hsp90_protein
She_balt_OS155_GCF_000015845_1_WP_011847045	439.6	Hsp90_protein
She_balt_OS183_GCF_000179535_2_WP_006082056	440.4	Hsp90_protein
She_balt_OS185_GCF_000017325_1_WP_006086212	440.3	Hsp90_protein
She_balt_OS195_GCF_000018765_1_WP_006086212	440.3	Hsp90_protein
She_balt_OS223_GCF_000021665_1_WP_012587438	440.8	Hsp90_protein
She_balt_OS678_GCF_000178875_2_WP_006086212	440.3	Hsp90_protein
She_cyp_GCF_017354925_1_WP_207325899	441.8	Hsp90_protein
She_cyp_GCF_017354985_1_WP_207322651	441.8	Hsp90_protein
She_dec_GCF_004354305_1_WP_023265730	442.7	Hsp90_protein
She_dec_GCF_007923045_3_WP_208659074	441.8	Hsp90_protein
She_maris_GCF_002215585_1_WP_033539227	451.2	Hsp90_protein
She_maris_GCF_006494755_1_WP_033539227	451.2	Hsp90_protein
She_one_MR_1_GCF_000146165_2_WP_011072100	441.5	Hsp90_protein
She_one_MR_1_GCF_013267215_1_WP_011072100	441.5	Hsp90_protein
She_putr_GCF_002157365_2_WP_086904619	442.3	Hsp90_protein
She_putr_GCF_003044255_1_WP_011919453	441.6	Hsp90_protein
She_putr_GCF_009730575_1_WP_011919453	441.6	Hsp90_protein
She_putr_GCF_016406305_1_WP_198783149	444.6	Hsp90_protein
She_putr_GCF_016406325_1_WP_011919453	441.6	Hsp90_protein
She_putr_GCF_017068195_1_WP_011919453	441.6	Hsp90_protein
She_putr_GCF_019599085_1_WP_220590490	440.5	Hsp90_protein
She_putr_GCF_019599125_1_WP_011919453	441.6	Hsp90_protein
She_putr_GCF_900636665_1_WP_086904619	442.3	Hsp90_protein
Shi_fle_2a_301_NP_706366	425.6	Hsp90_protein
Tha_ole_GCF_001932535_1_WP_075273241	439.7	Hsp90_protein
Tha_ole_MIL_1_GCF_000355675_1_WP_015487220	438.2	Hsp90_protein
Tha_ole_R6_15_GCF_000582555_1_WP_025265316	439.4	Hsp90_protein
Thi_alka_GCF_001267175_1_WP_053102238	455.5	Hsp90_protein
Thi_alka_GCF_001267195_1_WP_053105272	455.4	Hsp90_protein
Thi_alka_GCF_001267215_1_WP_053105256	444.0	Hsp90_protein
Thi_alka_GCF_001267215_1_WP_053105272	455.4	Hsp90_protein
Thi_alka_GCF_001267255_1_WP_053105272	455.4	Hsp90_protein
Thi_alka_GCF_001267275_1_WP_053106544	455.6	Hsp90_protein
Thi_alka_GCF_001267295_1_WP_053108733	455.5	Hsp90_protein
Thi_alka_GCF_001267315_1_WP_053101698	455.6	Hsp90_protein
