Az_chr_GCF_002220155_1	Azotobacter chroococcum	2
Az_vin_CA6_GCF_000380365_1	Azotobacter vinelandii	1
Az_vin_CA_GCF_000380335_1	Azotobacter vinelandii	1
Az_vin_DJ_GCF_000021045_1	Azotobacter vinelandii	1
H_hyd_GCF_011399095_1	Halomonas hydrothermalis	1
H_tit_GCF_006542315_2	Halomonas titanicae	1
H_tit_GCF_013347205_1	Halomonas titanicae	1
H_tit_GCF_014697095_1	Halomonas titanicae	1
H_ven_GCF_003950215_1	Halomonas venusta	1
H_ven_GCF_015689495_1	Halomonas venusta	1
H_ven_GCF_016859375_1	Halomonas venusta	1
Marinob_sal_GCF_002116735_1	Marinobacter salarius	1
Marinob_sal_GCF_003986605_1	Marinobacter salarius	1
Marinom_pri_GCF_003285205_1	Marinomonas primoryensis	1
Marinom_pri_GCF_013372285_1	Marinomonas primoryensis	1
My_tub_H37Rv	Mycobacterium tuberculosis	1
Pseudoa_pis_GCF_019797925_1	Pseudoalteromonas piscicida	1
Pseudoa_pis_GCF_020623585_1	Pseudoalteromonas piscicida	1
Pseudom_aer_GCF_000816985_1	Pseudomonas aeruginosa	1
Pseudom_aer_GCF_001542835_1	Pseudomonas aeruginosa	1
Pseudom_aer_GCF_002946935_1	Pseudomonas aeruginosa	1
Pseudom_aer_GCF_003073695_1	Pseudomonas aeruginosa	1
Pseudom_aer_GCF_003952325_1	Pseudomonas aeruginosa	1
Pseudom_aer_GCF_013341295_1	Pseudomonas aeruginosa	1
Pseudom_aer_GCF_900618305_1	Pseudomonas aeruginosa	1
Pseudom_alc_GCF_001597285_1	Pseudomonas alcaligenes	1
Pseudom_alc_GCF_016861485_1	Pseudomonas alcaligenes	1
Pseudom_alc_GCF_021654315_1	Pseudomonas alcaligenes	1
Pseudom_alky_GCF_000746525_1	Pseudomonas alkylphenolica	1
Pseudom_alky_GCF_009755645_1	Pseudomonas alkylphenolica	1
Pseudom_amy_GCF_019334485_1	Pseudomonas amygdali	1
Pseudom_amy_GCF_020204845_1	Pseudomonas amygdali	1
Pseudom_amy_pv_lachrymans_GCF_002068135_1	Pseudomonas amygdali	1
Pseudom_amy_pv_lachrymans_GCF_018603495_1	Pseudomonas amygdali	1
Pseudom_amy_pv_lachrymans_M301315_GCF_000146005_2	Pseudomonas amygdali	1
Pseudom_amy_pv_morsprunorum_GCF_002905685_2	Pseudomonas amygdali	1
Pseudom_amy_pv_tabaci_ATCC_11528_GCF_000145945_2	Pseudomonas amygdali	1
Pseudom_amy_pv_tabaci_GCF_018324325_1	Pseudomonas amygdali	1
Pseudom_ant_GCF_001647715_1	Pseudomonas antarctica	1
Pseudom_ant_GCF_900103795_1	Pseudomonas antarctica	1
Pseudom_ars_GCF_004135995_1	Pseudomonas arsenicoxydans	1
Pseudom_ars_GCF_900103875_1	Pseudomonas arsenicoxydans	1
Pseudom_asi_GCF_014656565_1	Pseudomonas asiatica	1
Pseudom_asi_GCF_014792105_1	Pseudomonas asiatica	1
Pseudom_ata_GCF_017167965_1	Pseudomonas atacamensis	1
Pseudom_ata_GCF_019139875_1	Pseudomonas atacamensis	1
Pseudom_azo_GCF_001579805_1	Pseudomonas azotoformans	1
Pseudom_azo_GCF_002007785_1	Pseudomonas azotoformans	1
Pseudom_azo_GCF_006547025_1	Pseudomonas azotoformans	1
Pseudom_azo_GCF_900103345_1	Pseudomonas azotoformans	1
Pseudom_bra_GCF_001449085_1	Pseudomonas brassicacearum	1
Pseudom_bra_GCF_001746815_1	Pseudomonas brassicacearum	1
Pseudom_bra_GCF_008370715_1	Pseudomonas brassicacearum	1
Pseudom_bra_GCF_009601685_2	Pseudomonas brassicacearum	1
Pseudom_bra_GCF_021389915_1	Pseudomonas brassicacearum	1
Pseudom_bra_GCF_900103245_1	Pseudomonas brassicacearum	1
Pseudom_bra_brassicacearum_NFM421_GCF_000194805_1	Pseudomonas brassicacearum	1
Pseudom_can_pv_alisalensis_GCF_016599635_1	Pseudomonas cannabina	1
Pseudom_can_pv_alisalensis_GCF_020309905_1	Pseudomonas cannabina	1
Pseudom_cer_GCF_900074915_1	Pseudomonas cerasi	1
Pseudom_cer_GCF_900235895_1	Pseudomonas cerasi	1
Pseudom_chl_GCF_000698865_1	Pseudomonas chlororaphis	1
Pseudom_chl_GCF_000963835_1	Pseudomonas chlororaphis	1
Pseudom_chl_GCF_001602135_1	Pseudomonas chlororaphis	1
Pseudom_chl_GCF_002844145_1	Pseudomonas chlororaphis	1
Pseudom_chl_GCF_003850605_1	Pseudomonas chlororaphis	1
Pseudom_chl_GCF_003851145_1	Pseudomonas chlororaphis	1
Pseudom_chl_GCF_003851785_1	Pseudomonas chlororaphis	1
Pseudom_chl_GCF_003851985_1	Pseudomonas chlororaphis	1
Pseudom_chl_GCF_009834495_1	Pseudomonas chlororaphis	1
Pseudom_chl_GCF_014524625_1	Pseudomonas chlororaphis	1
Pseudom_chl_GCF_017922675_1	Pseudomonas chlororaphis	1
Pseudom_chl_GCF_017922815_1	Pseudomonas chlororaphis	1
Pseudom_chl_GCF_017922915_1	Pseudomonas chlororaphis	1
Pseudom_chl_GCF_017922975_1	Pseudomonas chlororaphis	1
Pseudom_chl_GCF_020424105_1	Pseudomonas chlororaphis	1
Pseudom_chl_GCF_900104715_1	Pseudomonas chlororaphis	1
Pseudom_chl_GCF_900104985_1	Pseudomonas chlororaphis	1
Pseudom_chl_GCF_900104995_1	Pseudomonas chlororaphis	1
Pseudom_chl_GCF_900636995_1	Pseudomonas chlororaphis	1
Pseudom_chl_O6_GCF_000264555_1	Pseudomonas chlororaphis	1
Pseudom_chl_aurantiaca_GCF_000761195_1	Pseudomonas chlororaphis	1
Pseudom_chl_aurantiaca_GCF_002355875_1	Pseudomonas chlororaphis	1
Pseudom_chl_aurantiaca_GCF_003851165_1	Pseudomonas chlororaphis	1
Pseudom_chl_aurantiaca_GCF_003851205_1	Pseudomonas chlororaphis	1
Pseudom_chl_aurantiaca_GCF_003851225_1	Pseudomonas chlororaphis	1
Pseudom_chl_aurantiaca_GCF_003851265_1	Pseudomonas chlororaphis	1
Pseudom_chl_aurantiaca_GCF_003851305_1	Pseudomonas chlororaphis	1
Pseudom_chl_aurantiaca_GCF_003851345_1	Pseudomonas chlororaphis	1
Pseudom_chl_aurantiaca_GCF_003851805_1	Pseudomonas chlororaphis	1
Pseudom_chl_aurantiaca_GCF_003851835_1	Pseudomonas chlororaphis	1
Pseudom_chl_aurantiaca_GCF_009362955_1	Pseudomonas chlororaphis	1
Pseudom_chl_aurantiaca_GCF_010092525_1	Pseudomonas chlororaphis	1
Pseudom_chl_aurantiaca_GCF_012029635_1	Pseudomonas chlororaphis	1
Pseudom_chl_aurantiaca_GCF_013466605_1	Pseudomonas chlororaphis	1
Pseudom_chl_aurantiaca_GCF_016757635_1	Pseudomonas chlororaphis	1
Pseudom_chl_aureofaciens_30_84_GCF_000281915_1	Pseudomonas chlororaphis	1
Pseudom_chl_aureofaciens_GCF_003851365_1	Pseudomonas chlororaphis	1
Pseudom_chl_aureofaciens_GCF_003851385_1	Pseudomonas chlororaphis	1
Pseudom_chl_aureofaciens_GCF_003851405_1	Pseudomonas chlororaphis	1
Pseudom_chl_aureofaciens_GCF_003851445_1	Pseudomonas chlororaphis	1
Pseudom_chl_aureofaciens_GCF_003851865_1	Pseudomonas chlororaphis	1
Pseudom_chl_aureofaciens_GCF_003851905_1	Pseudomonas chlororaphis	1
Pseudom_chl_aureofaciens_GCF_003851925_1	Pseudomonas chlororaphis	1
Pseudom_chl_aureofaciens_GCF_003851955_1	Pseudomonas chlororaphis	1
Pseudom_chl_aureofaciens_GCF_003852005_1	Pseudomonas chlororaphis	1
Pseudom_chl_aureofaciens_GCF_016413685_1	Pseudomonas chlororaphis	1
Pseudom_chl_chlororaphis_GCF_003945765_1	Pseudomonas chlororaphis	1
Pseudom_chl_piscium_GCF_003008635_1	Pseudomonas chlororaphis	1
Pseudom_chl_piscium_GCF_003850345_1	Pseudomonas chlororaphis	1
Pseudom_chl_piscium_GCF_003850365_1	Pseudomonas chlororaphis	1
Pseudom_chl_piscium_GCF_003850385_1	Pseudomonas chlororaphis	1
Pseudom_chl_piscium_GCF_003850405_1	Pseudomonas chlororaphis	1
Pseudom_chl_piscium_GCF_003850425_1	Pseudomonas chlororaphis	1
Pseudom_chl_piscium_GCF_003850445_1	Pseudomonas chlororaphis	1
Pseudom_chl_piscium_GCF_003850465_1	Pseudomonas chlororaphis	1
Pseudom_chl_piscium_GCF_003850485_1	Pseudomonas chlororaphis	1
Pseudom_chl_piscium_GCF_003850505_1	Pseudomonas chlororaphis	1
Pseudom_chl_piscium_GCF_003850525_1	Pseudomonas chlororaphis	1
Pseudom_chl_piscium_GCF_003850585_1	Pseudomonas chlororaphis	1
Pseudom_cic_GCF_018343775_1	Pseudomonas cichorii	1
Pseudom_cic_GCF_018968705_1	Pseudomonas cichorii	1
Pseudom_cic_JBC1_GCF_000517305_1	Pseudomonas cichorii	1
Pseudom_cit_GCF_001586155_1	Pseudomonas citronellolis	1
Pseudom_con_GCF_018516745_1	Pseudomonas congelans	1
Pseudom_con_GCF_018516785_1	Pseudomonas congelans	1
Pseudom_coro_GCF_011765175_1	Pseudomonas coronafaciens	1
Pseudom_coro_pv_coronafaciens_GCF_009734285_1	Pseudomonas coronafaciens	1
Pseudom_coro_pv_oryzae_1_6_GCF_000156995_2	Pseudomonas coronafaciens	1
Pseudom_corr_GCF_001708425_1	Pseudomonas corrugata	1
Pseudom_corr_GCF_017604325_1	Pseudomonas corrugata	1
Pseudom_corr_GCF_900106085_1	Pseudomonas corrugata	1
Pseudom_ento_GCF_003940785_1	Pseudomonas entomophila	1
Pseudom_ento_GCF_018417595_1	Pseudomonas entomophila	1
Pseudom_ento_L48_GCF_000026105_1	Pseudomonas entomophila	1
Pseudom_flu_A506_GCF_000262325_2	Pseudomonas fluorescens	1
Pseudom_flu_BBc6R8_GCF_000297195_3	Pseudomonas fluorescens	1
Pseudom_flu_GCF_000730425_1	Pseudomonas fluorescens	1
Pseudom_flu_GCF_001307155_1	Pseudomonas fluorescens	1
Pseudom_flu_GCF_001307275_1	Pseudomonas fluorescens	1
Pseudom_flu_GCF_001623525_1	Pseudomonas fluorescens	1
Pseudom_flu_GCF_001708445_1	Pseudomonas fluorescens	1
Pseudom_flu_GCF_001708465_1	Pseudomonas fluorescens	1
Pseudom_flu_GCF_001747385_1	Pseudomonas fluorescens	1
Pseudom_flu_GCF_001878715_1	Pseudomonas fluorescens	1
Pseudom_flu_GCF_002865505_1	Pseudomonas fluorescens	1
Pseudom_flu_GCF_003055645_1	Pseudomonas fluorescens	1
Pseudom_flu_GCF_003352875_1	Pseudomonas fluorescens	1
Pseudom_flu_GCF_003410335_1	Pseudomonas fluorescens	1
Pseudom_flu_GCF_003612935_1	Pseudomonas fluorescens	1
Pseudom_flu_GCF_003626995_1	Pseudomonas fluorescens	1
Pseudom_flu_GCF_004683905_1	Pseudomonas fluorescens	1
Pseudom_flu_GCF_010448615_1	Pseudomonas fluorescens	1
Pseudom_flu_GCF_010668965_1	Pseudomonas fluorescens	1
Pseudom_flu_GCF_012974785_1	Pseudomonas fluorescens	1
Pseudom_flu_GCF_015074865_1	Pseudomonas fluorescens	1
Pseudom_flu_GCF_016728065_1	Pseudomonas fluorescens	1
Pseudom_flu_GCF_017498465_1	Pseudomonas fluorescens	1
Pseudom_flu_GCF_017948385_1	Pseudomonas fluorescens	1
Pseudom_flu_GCF_018502625_1	Pseudomonas fluorescens	1
Pseudom_flu_GCF_019212185_1	Pseudomonas fluorescens	1
Pseudom_flu_GCF_022023875_1	Pseudomonas fluorescens	1
Pseudom_flu_GCF_900215245_1	Pseudomonas fluorescens	1
Pseudom_flu_GCF_900475215_1	Pseudomonas fluorescens	1
Pseudom_flu_GCF_900636825_1	Pseudomonas fluorescens	1
Pseudom_flu_NCIMB_11764_GCF_000293885_2	Pseudomonas fluorescens	1
Pseudom_flu_Pf0_1_GCF_000012445_1	Pseudomonas fluorescens	1
Pseudom_flu_Q2_87_GCF_000281895_1	Pseudomonas fluorescens	1
Pseudom_flu_Q8r1_96_GCF_000263695_1	Pseudomonas fluorescens	1
Pseudom_flu_R124_GCF_000292795_1	Pseudomonas fluorescens	1
Pseudom_flu_SBW25_GCF_000009225_2	Pseudomonas fluorescens	1
Pseudom_flu_WH6_GCF_000166515_1	Pseudomonas fluorescens	1
Pseudom_fra_GCF_001543265_1	Pseudomonas fragi	1
Pseudom_fra_GCF_002128325_1	Pseudomonas fragi	1
Pseudom_fra_GCF_002205455_1	Pseudomonas fragi	1
Pseudom_fra_GCF_015476275_1	Pseudomonas fragi	1
Pseudom_fra_GCF_015767515_1	Pseudomonas fragi	1
Pseudom_fra_GCF_900105835_1	Pseudomonas fragi	1
Pseudom_fre_GCF_001874645_1	Pseudomonas frederiksbergensis	1
Pseudom_fre_GCF_001952935_1	Pseudomonas frederiksbergensis	1
Pseudom_fre_GCF_002355315_1	Pseudomonas frederiksbergensis	1
Pseudom_ful_12_X_GCF_000213805_1	Pseudomonas fulva	1
Pseudom_ful_GCF_002951475_1	Pseudomonas fulva	1
Pseudom_ful_GCF_015679205_1	Pseudomonas fulva	1
Pseudom_ful_GCF_015679225_1	Pseudomonas fulva	1
Pseudom_gra_GCF_016859165_1	Pseudomonas granadensis	1
Pseudom_gra_GCF_900105485_1	Pseudomonas granadensis	1
Pseudom_junt_GCF_021560075_1	Pseudomonas juntendi	1
Pseudom_junt_GCF_021725455_1	Pseudomonas juntendi	1
Pseudom_kna_B13_GCF_000689415_1	Pseudomonas knackmussii	1
Pseudom_kna_GCF_009911755_1	Pseudomonas knackmussii	1
Pseudom_kor_GCF_001605965_1	Pseudomonas koreensis	1
Pseudom_kor_GCF_001654515_1	Pseudomonas koreensis	1
Pseudom_kor_GCF_900101415_1	Pseudomonas koreensis	1
Pseudom_kri_GCF_003352185_1	Pseudomonas kribbensis	1
Pseudom_kri_GCF_021398855_1	Pseudomonas kribbensis	1
Pseudom_lal_GCF_008807375_1	Pseudomonas lalkuanensis	1
Pseudom_lal_GCF_020422905_1	Pseudomonas lalkuanensis	1
Pseudom_lib_GCF_003952245_1	Pseudomonas libanensis	1
Pseudom_lib_GCF_900101035_1	Pseudomonas libanensis	1
Pseudom_lun_GCF_015377145_2	Pseudomonas lundensis	1
Pseudom_lun_GCF_018449005_1	Pseudomonas lundensis	1
Pseudom_lun_GCF_018449025_1	Pseudomonas lundensis	1
Pseudom_lur_GCF_001708485_1	Pseudomonas lurida	1
Pseudom_lur_GCF_002966835_1	Pseudomonas lurida	1
Pseudom_man_GCF_019693255_1	Pseudomonas mandelii	1
Pseudom_man_GCF_900106065_1	Pseudomonas mandelii	1
Pseudom_man_JR_1_GCF_000257545_3	Pseudomonas mandelii	1
Pseudom_med_GCF_900106005_1	Pseudomonas mediterranea	1
Pseudom_men_GCF_002155165_1	Pseudomonas mendocina	1
Pseudom_men_GCF_002442555_1	Pseudomonas mendocina	1
Pseudom_men_GCF_003008615_1	Pseudomonas mendocina	1
Pseudom_men_GCF_017798225_1	Pseudomonas mendocina	1
Pseudom_men_GCF_900636545_1	Pseudomonas mendocina	1
Pseudom_men_NK_01_GCF_000204295_1	Pseudomonas mendocina	1
Pseudom_men_S5_2_GCF_000733715_2	Pseudomonas mendocina	1
Pseudom_mont_GCF_002943995_1	Pseudomonas monteilii	1
Pseudom_mont_GCF_003671975_1	Pseudomonas monteilii	1
Pseudom_mont_GCF_009831395_1	Pseudomonas monteilii	1
Pseudom_mont_GCF_011045675_1	Pseudomonas monteilii	1
Pseudom_mont_GCF_011045695_1	Pseudomonas monteilii	1
Pseudom_mont_GCF_015136515_1	Pseudomonas monteilii	1
Pseudom_mont_GCF_021497465_1	Pseudomonas monteilii	1
Pseudom_mont_SB3078_GCF_000510285_1	Pseudomonas monteilii	1
Pseudom_mont_SB3101_GCF_000510325_1	Pseudomonas monteilii	1
Pseudom_mor_GCF_900105805_1	Pseudomonas moraviensis	1
Pseudom_mor_R28_S_GCF_000512275_1	Pseudomonas moraviensis	1
Pseudom_mos_GCF_002309555_1	Pseudomonas mosselii	1
Pseudom_mos_GCF_002736065_1	Pseudomonas mosselii	1
Pseudom_mos_GCF_019823065_1	Pseudomonas mosselii	1
Pseudom_muc_GCF_900106045_1	Pseudomonas mucidolens	1
Pseudom_muc_GCF_900475945_1	Pseudomonas mucidolens	1
Pseudom_oga_GCF_000237065_1	Pseudomonas ogarae	1
Pseudom_oga_GCF_002879715_1	Pseudomonas ogarae	1
Pseudom_ori_GCF_002934065_1	Pseudomonas orientalis	1
Pseudom_ori_GCF_003851585_1	Pseudomonas orientalis	1
Pseudom_ori_GCF_003851605_1	Pseudomonas orientalis	1
Pseudom_ori_GCF_003851645_1	Pseudomonas orientalis	1
Pseudom_ori_GCF_003852045_1	Pseudomonas orientalis	1
Pseudom_ori_GCF_900105795_1	Pseudomonas orientalis	1
Pseudom_ory_GCF_001518815_1	Pseudomonas oryzihabitans	1
Pseudom_ory_GCF_003293465_1	Pseudomonas oryzihabitans	1
Pseudom_ory_GCF_008693825_1	Pseudomonas oryzihabitans	1
Pseudom_oti_GCF_011397855_1	Pseudomonas otitidis	1
Pseudom_oti_GCF_014161995_1	Pseudomonas otitidis	1
Pseudom_oti_GCF_019879085_1	Pseudomonas otitidis	1
Pseudom_par_GCF_000800255_1	Pseudomonas parafulva	1
Pseudom_par_GCF_002021815_1	Pseudomonas parafulva	1
Pseudom_par_GCF_003410295_1	Pseudomonas parafulva	1
Pseudom_ple_GCF_000831585_1	Pseudomonas plecoglossicida	1
Pseudom_ple_GCF_003391255_1	Pseudomonas plecoglossicida	1
Pseudom_ple_GCF_013378035_1	Pseudomonas plecoglossicida	1
Pseudom_poae_GCF_014930995_1	Pseudomonas poae	1
Pseudom_poae_GCF_900103965_1	Pseudomonas poae	1
Pseudom_poae_RE_1_1_14_GCF_000336465_1	Pseudomonas poae	1
Pseudom_pro_CHA0_GCF_000397205_1	Pseudomonas protegens	1
Pseudom_pro_CHA0_GCF_900560965_1	Pseudomonas protegens	1
Pseudom_pro_Cab57_GCF_000828695_1	Pseudomonas protegens	1
Pseudom_pro_GCF_002006545_1	Pseudomonas protegens	1
Pseudom_pro_GCF_002208745_2	Pseudomonas protegens	1
Pseudom_pro_GCF_003363755_1	Pseudomonas protegens	1
Pseudom_pro_GCF_008807715_1	Pseudomonas protegens	1
Pseudom_pro_GCF_009745915_1	Pseudomonas protegens	1
Pseudom_pro_GCF_013407925_2	Pseudomonas protegens	1
Pseudom_pro_GCF_013409685_2	Pseudomonas protegens	1
Pseudom_pro_GCF_016903635_1	Pseudomonas protegens	1
Pseudom_pro_GCF_017347385_1	Pseudomonas protegens	1
Pseudom_pro_GCF_017923085_1	Pseudomonas protegens	1
Pseudom_pro_GCF_017923175_1	Pseudomonas protegens	1
Pseudom_pro_GCF_017923275_1	Pseudomonas protegens	1
Pseudom_pro_GCF_017923375_1	Pseudomonas protegens	1
Pseudom_pro_GCF_017927795_1	Pseudomonas protegens	1
Pseudom_pro_GCF_017930355_1	Pseudomonas protegens	1
Pseudom_pro_GCF_019466035_1	Pseudomonas protegens	1
Pseudom_pro_GCF_019754235_1	Pseudomonas protegens	1
Pseudom_pro_Pf_5_GCF_000012265_1	Pseudomonas protegens	1
Pseudom_psychrop_GCF_011040435_1	Pseudomonas psychrophila	1
Pseudom_psychrop_GCF_900106105_1	Pseudomonas psychrophila	1
Pseudom_psychrot_GCF_001913135_1	Pseudomonas psychrotolerans	1
Pseudom_psychrot_GCF_006384975_1	Pseudomonas psychrotolerans	1
Pseudom_psychrot_GCF_014522265_1	Pseudomonas psychrotolerans	1
Pseudom_puti_B6_2_GCF_000226035_2	Pseudomonas putida	1
Pseudom_puti_DOT_T1E_GCF_000281215_1	Pseudomonas putida	1
Pseudom_puti_GB_1_GCF_000019125_1	Pseudomonas putida	1
Pseudom_puti_GCF_000691565_1	Pseudomonas putida	1
Pseudom_puti_GCF_001515585_1	Pseudomonas putida	1
Pseudom_puti_GCF_001630725_2	Pseudomonas putida	1
Pseudom_puti_GCF_001636055_1	Pseudomonas putida	1
Pseudom_puti_GCF_001886975_1	Pseudomonas putida	1
Pseudom_puti_GCF_001908395_1	Pseudomonas putida	1
Pseudom_puti_GCF_002025705_1	Pseudomonas putida	1
Pseudom_puti_GCF_002356095_1	Pseudomonas putida	1
Pseudom_puti_GCF_002736045_1	Pseudomonas putida	1
Pseudom_puti_GCF_002736125_1	Pseudomonas putida	1
Pseudom_puti_GCF_002741075_1	Pseudomonas putida	1
Pseudom_puti_GCF_003290365_1	Pseudomonas putida	1
Pseudom_puti_GCF_003671955_1	Pseudomonas putida	1
Pseudom_puti_GCF_007833495_1	Pseudomonas putida	1
Pseudom_puti_GCF_008605605_1	Pseudomonas putida	1
Pseudom_puti_GCF_009883635_2	Pseudomonas putida	1
Pseudom_puti_GCF_009938035_1	Pseudomonas putida	1
Pseudom_puti_GCF_013305625_1	Pseudomonas putida	1
Pseudom_puti_GCF_013425825_1	Pseudomonas putida	1
Pseudom_puti_GCF_014076515_1	Pseudomonas putida	1
Pseudom_puti_GCF_014162535_1	Pseudomonas putida	1
Pseudom_puti_GCF_014169055_1	Pseudomonas putida	1
Pseudom_puti_GCF_014217705_1	Pseudomonas putida	1
Pseudom_puti_GCF_014726755_1	Pseudomonas putida	1
Pseudom_puti_GCF_014764425_1	Pseudomonas putida	1
Pseudom_puti_GCF_014854555_1	Pseudomonas putida	1
Pseudom_puti_GCF_016406145_1	Pseudomonas putida	1
Pseudom_puti_GCF_018141045_1	Pseudomonas putida	1
Pseudom_puti_GCF_019355435_1	Pseudomonas putida	1
Pseudom_puti_GCF_900156185_1	Pseudomonas putida	1
Pseudom_puti_GCF_900167985_1	Pseudomonas putida	1
Pseudom_puti_GCF_900636645_1	Pseudomonas putida	1
Pseudom_puti_H8234_GCF_000410575_1	Pseudomonas putida	1
Pseudom_puti_HB3267_GCF_000325725_1	Pseudomonas putida	1
Pseudom_puti_JB_GCF_001767335_1	Pseudomonas putida	1
Pseudom_puti_KT2440_GCF_000007565_2	Pseudomonas putida	1
Pseudom_puti_NBRC_14164_GCF_000412675_1	Pseudomonas putida	1
Pseudom_puti_ND6_GCF_000264665_3	Pseudomonas putida	1
Pseudom_puti_S12_GCF_000495455_2	Pseudomonas putida	1
Pseudom_puti_S13_1_2_GCF_000498395_2	Pseudomonas putida	1
Pseudom_puti_S16_GCF_000219705_1	Pseudomonas putida	1
Pseudom_puti_SJTE_1_GCF_000271965_2	Pseudomonas putida	1
Pseudom_rho_GCF_013285305_1	Pseudomonas rhodesiae	1
Pseudom_rho_GCF_018417555_1	Pseudomonas rhodesiae	1
Pseudom_rho_GCF_018417575_1	Pseudomonas rhodesiae	1
Pseudom_rho_GCF_900105575_1	Pseudomonas rhodesiae	1
Pseudom_sav_GCF_014855475_1	Pseudomonas savastanoi	1
Pseudom_sav_GCF_020917325_1	Pseudomonas savastanoi	1
Pseudom_sav_pv_phaseolicola_1448A_GCF_000012205_1	Pseudomonas savastanoi	1
Pseudom_sav_pv_savastanoi_GCF_022026035_1	Pseudomonas savastanoi	1
Pseudom_sav_pv_savastanoi_NCPPB_3335_GCF_000164015_3	Pseudomonas savastanoi	1
Pseudom_ses_GCF_003850565_1	Pseudomonas sessilinigenes	1
Pseudom_ses_GCF_019139855_1	Pseudomonas sessilinigenes	1
Pseudom_sim_GCF_000698265_1	Pseudomonas simiae	1
Pseudom_sim_GCF_000934565_1	Pseudomonas simiae	1
Pseudom_sim_GCF_000963495_1	Pseudomonas simiae	1
Pseudom_sim_GCF_016134935_2	Pseudomonas simiae	1
Pseudom_stu_A1501_GCF_000013785_1	Pseudomonas stutzeri	1
Pseudom_stu_DSM_4166_GCF_000195105_1	Pseudomonas stutzeri	1
Pseudom_stu_GCF_000219605_1	Pseudomonas stutzeri	1
Pseudom_stu_GCF_000661915_1	Pseudomonas stutzeri	1
Pseudom_stu_GCF_001648195_1	Pseudomonas stutzeri	1
Pseudom_stu_GCF_003008495_1	Pseudomonas stutzeri	1
Pseudom_stu_GCF_003047145_2	Pseudomonas stutzeri	1
Pseudom_stu_GCF_005844005_1	Pseudomonas stutzeri	1
Pseudom_stu_GCF_009740185_1	Pseudomonas stutzeri	1
Pseudom_stu_GCF_009789555_1	Pseudomonas stutzeri	1
Pseudom_stu_GCF_016028655_1	Pseudomonas stutzeri	1
Pseudom_stu_GCF_018138085_1	Pseudomonas stutzeri	1
Pseudom_stu_GCF_019203165_1	Pseudomonas stutzeri	1
Pseudom_stu_GCF_019264725_1	Pseudomonas stutzeri	1
Pseudom_stu_GCF_021610005_1	Pseudomonas stutzeri	1
Pseudom_stu_GCF_900636845_1	Pseudomonas stutzeri	1
Pseudom_syn_BG33R_GCF_000263715_2	Pseudomonas synxantha	1
Pseudom_syn_GCF_000968415_2	Pseudomonas synxantha	1
Pseudom_syn_GCF_001602175_1	Pseudomonas synxantha	1
Pseudom_syn_GCF_003851465_1	Pseudomonas synxantha	1
Pseudom_syn_GCF_003851495_1	Pseudomonas synxantha	1
Pseudom_syn_GCF_003851525_1	Pseudomonas synxantha	1
Pseudom_syn_GCF_003851555_1	Pseudomonas synxantha	1
Pseudom_syn_GCF_003852025_1	Pseudomonas synxantha	1
Pseudom_syn_GCF_900105675_1	Pseudomonas synxantha	1
Pseudom_syn_GCF_900497645_1	Pseudomonas synxantha	1
Pseudom_syn_GCF_901482615_1	Pseudomonas synxantha	1
Pseudom_syr_CC1557_GCF_000452705_1	Pseudomonas syringae	1
Pseudom_syr_Cit_7_GCF_000145825_2	Pseudomonas syringae	1
Pseudom_syr_GCF_004323795_1	Pseudomonas syringae	1
Pseudom_syr_GCF_014524645_1	Pseudomonas syringae	1
Pseudom_syr_GCF_016694755_2	Pseudomonas syringae	1
Pseudom_syr_GCF_018388485_1	Pseudomonas syringae	1
Pseudom_syr_GCF_018388505_1	Pseudomonas syringae	1
Pseudom_syr_GCF_018388525_1	Pseudomonas syringae	1
Pseudom_syr_GCF_018394375_1	Pseudomonas syringae	1
Pseudom_syr_GCF_018604405_1	Pseudomonas syringae	1
Pseudom_syr_GCF_900105295_1	Pseudomonas syringae	1
Pseudom_syr_GCF_900235815_1	Pseudomonas syringae	1
Pseudom_syr_GCF_900289125_1	Pseudomonas syringae	1
Pseudom_syr_UB303_GCF_000452565_2	Pseudomonas syringae	1
Pseudom_syr_UMAF0158_GCF_001281365_1	Pseudomonas syringae	1
Pseudom_syr_USA011_GCF_000452525_3	Pseudomonas syringae	1
Pseudom_syr_pv_actinidiae_GCF_001913215_1	Pseudomonas syringae	1
Pseudom_syr_pv_actinidiae_GCF_001913235_1	Pseudomonas syringae	1
Pseudom_syr_pv_actinidiae_GCF_002024285_1	Pseudomonas syringae	1
Pseudom_syr_pv_actinidiae_GCF_002024305_1	Pseudomonas syringae	1
Pseudom_syr_pv_actinidiae_GCF_002763655_1	Pseudomonas syringae	1
Pseudom_syr_pv_actinidiae_GCF_003665415_1	Pseudomonas syringae	1
Pseudom_syr_pv_actinidiae_ICMP_18708_GCF_000344355_2	Pseudomonas syringae	1
Pseudom_syr_pv_actinidiae_ICMP_18884_GCF_000648735_3	Pseudomonas syringae	1
Pseudom_syr_pv_actinidiae_ICMP_9617_GCF_000658965_1	Pseudomonas syringae	1
Pseudom_syr_pv_actinidiae_ICMP_9853_GCF_000344335_2	Pseudomonas syringae	1
Pseudom_syr_pv_actinidiae_Shaanxi_M228_GCF_000344475_3	Pseudomonas syringae	1
Pseudom_syr_pv_atrofaciens_GCF_003047185_1	Pseudomonas syringae	1
Pseudom_syr_pv_avii_GCF_900235835_1	Pseudomonas syringae	1
Pseudom_syr_pv_cerasicola_GCF_900235885_1	Pseudomonas syringae	1
Pseudom_syr_pv_lapsa_GCF_001482725_1	Pseudomonas syringae	1
Pseudom_syr_pv_pisi_PP1_GCF_000452445_2	Pseudomonas syringae	1
Pseudom_syr_pv_syringae_B301D_GCF_000988485_1	Pseudomonas syringae	1
Pseudom_syr_pv_syringae_B64_GCF_000331385_1	Pseudomonas syringae	1
Pseudom_syr_pv_syringae_B728a_GCF_000012245_1	Pseudomonas syringae	1
Pseudom_syr_pv_syringae_GCF_002905815_2	Pseudomonas syringae	1
Pseudom_syr_pv_syringae_GCF_900235825_1	Pseudomonas syringae	1
Pseudom_syr_pv_syringae_GCF_900235865_1	Pseudomonas syringae	1
Pseudom_syr_pv_syringae_HS191_GCF_000988395_1	Pseudomonas syringae	1
Pseudom_syr_pv_syringae_SM_GCF_000412165_1	Pseudomonas syringae	1
Pseudom_tae_GCF_900475285_1	Pseudomonas taetrolens	1
Pseudom_tae_GCF_900637735_1	Pseudomonas taetrolens	1
Pseudom_thi_GCF_003293325_1	Pseudomonas thivervalensis	1
Pseudom_thi_GCF_003293395_1	Pseudomonas thivervalensis	1
Pseudom_thi_GCF_900102295_1	Pseudomonas thivervalensis	1
Pseudom_tol_GCF_002072675_1	Pseudomonas tolaasii	1
Pseudom_tol_GCF_019285655_1	Pseudomonas tolaasii	1
Pseudom_tri_GCF_001186335_1	Pseudomonas trivialis	1
Pseudom_tri_GCF_900104885_1	Pseudomonas trivialis	1
Pseudom_ums_GCF_008824165_1	Pseudomonas umsongensis	1
Pseudom_ums_GCF_012647205_1	Pseudomonas umsongensis	1
Pseudom_ums_GCF_900105285_1	Pseudomonas umsongensis	1
Pseudom_ver_GCF_002028325_1	Pseudomonas veronii	1
Pseudom_ver_GCF_004919535_4	Pseudomonas veronii	1
Pseudom_ver_GCF_021233455_1	Pseudomonas veronii	1
Pseudom_ver_GCF_903970695_1	Pseudomonas veronii	1
Pseudom_vir_GCF_018388545_1	Pseudomonas viridiflava	1
Pseudom_vir_GCF_019104005_1	Pseudomonas viridiflava	1
Pseudom_vir_GCF_019104025_1	Pseudomonas viridiflava	1
Pseudom_vir_GCF_019104045_1	Pseudomonas viridiflava	1
Pseudom_vir_GCF_019104065_1	Pseudomonas viridiflava	1
Pseudom_vir_GCF_019104085_1	Pseudomonas viridiflava	1
Pseudom_vir_GCF_900184295_1	Pseudomonas viridiflava	1
Pseudom_yam_GCF_001612705_2	Pseudomonas yamanorum	1
Pseudom_yam_GCF_013403585_1	Pseudomonas yamanorum	1
Pseudom_yam_GCF_900105735_1	Pseudomonas yamanorum	1
She_putr_GCF_009730575_1	Shewanella putrefaciens	1
She_putr_GCF_016406325_1	Shewanella putrefaciens	1
She_putr_GCF_017068195_1	Shewanella putrefaciens	1
She_putr_GCF_019599125_1	Shewanella putrefaciens	1
Az_chr_GCF_016406165_1	Azotobacter chroococcum	2
Az_chr_NCIMB_8003_GCF_000817975_1	Azotobacter chroococcum	2
Pseudom_aer_B136_33_GCF_000359505_1	Pseudomonas aeruginosa	2
Pseudom_aer_C_NN2_GCF_900185255_1	Pseudomonas aeruginosa	2
Pseudom_aer_DHS01_GCF_000496455_2	Pseudomonas aeruginosa	2
Pseudom_aer_DK1_GCF_900069025_1	Pseudomonas aeruginosa	2
Pseudom_aer_DK2_GCF_000271365_1	Pseudomonas aeruginosa	2
Pseudom_aer_DSM_50071_NBRC_12689_GCF_001045685_1	Pseudomonas aeruginosa	2
Pseudom_aer_GCF_000763245_3	Pseudomonas aeruginosa	2
Pseudom_aer_GCF_000829255_1	Pseudomonas aeruginosa	2
Pseudom_aer_GCF_000829275_1	Pseudomonas aeruginosa	2
Pseudom_aer_GCF_000829885_1	Pseudomonas aeruginosa	2
Pseudom_aer_GCF_000981825_1	Pseudomonas aeruginosa	2
Pseudom_aer_GCF_001077475_1	Pseudomonas aeruginosa	2
Pseudom_aer_GCF_001293085_1	Pseudomonas aeruginosa	2
Pseudom_aer_GCF_001447845_1	Pseudomonas aeruginosa	2
Pseudom_aer_GCF_001457615_1	Pseudomonas aeruginosa	2
Pseudom_aer_GCF_001482325_1	Pseudomonas aeruginosa	2
Pseudom_aer_GCF_001515845_2	Pseudomonas aeruginosa	2
Pseudom_aer_GCF_001515915_2	Pseudomonas aeruginosa	2
Pseudom_aer_GCF_001516005_1	Pseudomonas aeruginosa	2
Pseudom_aer_GCF_001516105_1	Pseudomonas aeruginosa	2
Pseudom_aer_GCF_001516165_2	Pseudomonas aeruginosa	2
Pseudom_aer_GCF_001516185_2	Pseudomonas aeruginosa	2
Pseudom_aer_GCF_001516205_2	Pseudomonas aeruginosa	2
Pseudom_aer_GCF_001516225_2	Pseudomonas aeruginosa	2
Pseudom_aer_GCF_001516245_2	Pseudomonas aeruginosa	2
Pseudom_aer_GCF_001516265_1	Pseudomonas aeruginosa	2
Pseudom_aer_GCF_001516305_2	Pseudomonas aeruginosa	2
Pseudom_aer_GCF_001516325_2	Pseudomonas aeruginosa	2
Pseudom_aer_GCF_001516345_1	Pseudomonas aeruginosa	2
Pseudom_aer_GCF_001516365_2	Pseudomonas aeruginosa	2
Pseudom_aer_GCF_001516385_1	Pseudomonas aeruginosa	2
Pseudom_aer_GCF_001518975_1	Pseudomonas aeruginosa	2
Pseudom_aer_GCF_001542795_2	Pseudomonas aeruginosa	2
Pseudom_aer_GCF_001547955_1	Pseudomonas aeruginosa	2
Pseudom_aer_GCF_001548135_1	Pseudomonas aeruginosa	2
Pseudom_aer_GCF_001548335_1	Pseudomonas aeruginosa	2
Pseudom_aer_GCF_001594325_2	Pseudomonas aeruginosa	2
Pseudom_aer_GCF_001606045_1	Pseudomonas aeruginosa	2
Pseudom_aer_GCF_001618925_1	Pseudomonas aeruginosa	2
Pseudom_aer_GCF_001632245_1	Pseudomonas aeruginosa	2
Pseudom_aer_GCF_001679685_1	Pseudomonas aeruginosa	2
Pseudom_aer_GCF_001687285_1	Pseudomonas aeruginosa	2
Pseudom_aer_GCF_001721745_1	Pseudomonas aeruginosa	2
Pseudom_aer_GCF_001721765_1	Pseudomonas aeruginosa	2
Pseudom_aer_GCF_001721785_1	Pseudomonas aeruginosa	2
Pseudom_aer_GCF_001721805_1	Pseudomonas aeruginosa	2
Pseudom_aer_GCF_001721825_1	Pseudomonas aeruginosa	2
Pseudom_aer_GCF_001721845_1	Pseudomonas aeruginosa	2
Pseudom_aer_GCF_001722005_2	Pseudomonas aeruginosa	2
Pseudom_aer_GCF_001722025_1	Pseudomonas aeruginosa	2
Pseudom_aer_GCF_001722045_1	Pseudomonas aeruginosa	2
Pseudom_aer_GCF_001729505_1	Pseudomonas aeruginosa	2
Pseudom_aer_GCF_001750705_1	Pseudomonas aeruginosa	2
Pseudom_aer_GCF_001792835_1	Pseudomonas aeruginosa	2
Pseudom_aer_GCF_001792855_1	Pseudomonas aeruginosa	2
Pseudom_aer_GCF_001792875_1	Pseudomonas aeruginosa	2
Pseudom_aer_GCF_001870265_1	Pseudomonas aeruginosa	2
Pseudom_aer_GCF_001874465_1	Pseudomonas aeruginosa	2
Pseudom_aer_GCF_001879525_1	Pseudomonas aeruginosa	2
Pseudom_aer_GCF_001900195_1	Pseudomonas aeruginosa	2
Pseudom_aer_GCF_001900225_1	Pseudomonas aeruginosa	2
Pseudom_aer_GCF_001900265_1	Pseudomonas aeruginosa	2
Pseudom_aer_GCF_002075065_1	Pseudomonas aeruginosa	2
Pseudom_aer_GCF_002085605_1	Pseudomonas aeruginosa	2
Pseudom_aer_GCF_002085755_1	Pseudomonas aeruginosa	2
Pseudom_aer_GCF_002104595_1	Pseudomonas aeruginosa	2
Pseudom_aer_GCF_002104615_1	Pseudomonas aeruginosa	2
Pseudom_aer_GCF_002192475_1	Pseudomonas aeruginosa	2
Pseudom_aer_GCF_002192495_1	Pseudomonas aeruginosa	2
Pseudom_aer_GCF_002205335_1	Pseudomonas aeruginosa	2
Pseudom_aer_GCF_002205355_1	Pseudomonas aeruginosa	2
Pseudom_aer_GCF_002205375_1	Pseudomonas aeruginosa	2
Pseudom_aer_GCF_002208645_1	Pseudomonas aeruginosa	2
Pseudom_aer_GCF_002215345_1	Pseudomonas aeruginosa	2
Pseudom_aer_GCF_002223805_1	Pseudomonas aeruginosa	2
Pseudom_aer_GCF_002237405_1	Pseudomonas aeruginosa	2
Pseudom_aer_GCF_002237425_1	Pseudomonas aeruginosa	2
Pseudom_aer_GCF_002287725_2	Pseudomonas aeruginosa	2
Pseudom_aer_GCF_002411865_3	Pseudomonas aeruginosa	2
Pseudom_aer_GCF_002442855_1	Pseudomonas aeruginosa	2
Pseudom_aer_GCF_002753655_1	Pseudomonas aeruginosa	2
Pseudom_aer_GCF_002812825_1	Pseudomonas aeruginosa	2
Pseudom_aer_GCF_002812845_1	Pseudomonas aeruginosa	2
Pseudom_aer_GCF_002812865_1	Pseudomonas aeruginosa	2
Pseudom_aer_GCF_002812885_1	Pseudomonas aeruginosa	2
Pseudom_aer_GCF_002812905_2	Pseudomonas aeruginosa	2
Pseudom_aer_GCF_002812925_2	Pseudomonas aeruginosa	2
Pseudom_aer_GCF_002968515_1	Pseudomonas aeruginosa	2
Pseudom_aer_GCF_002968585_1	Pseudomonas aeruginosa	2
Pseudom_aer_GCF_002968655_1	Pseudomonas aeruginosa	2
Pseudom_aer_GCF_002968695_1	Pseudomonas aeruginosa	2
Pseudom_aer_GCF_002968755_1	Pseudomonas aeruginosa	2
Pseudom_aer_GCF_002968955_1	Pseudomonas aeruginosa	2
Pseudom_aer_GCF_002997005_1	Pseudomonas aeruginosa	2
Pseudom_aer_GCF_003025345_2	Pseudomonas aeruginosa	2
Pseudom_aer_GCF_003028335_1	Pseudomonas aeruginosa	2
Pseudom_aer_GCF_003052005_2	Pseudomonas aeruginosa	2
Pseudom_aer_GCF_003060845_1	Pseudomonas aeruginosa	2
Pseudom_aer_GCF_003073615_1	Pseudomonas aeruginosa	2
Pseudom_aer_GCF_003073735_1	Pseudomonas aeruginosa	2
Pseudom_aer_GCF_003073795_1	Pseudomonas aeruginosa	2
Pseudom_aer_GCF_003073895_1	Pseudomonas aeruginosa	2
Pseudom_aer_GCF_003193645_1	Pseudomonas aeruginosa	2
Pseudom_aer_GCF_003194245_1	Pseudomonas aeruginosa	2
Pseudom_aer_GCF_003204335_1	Pseudomonas aeruginosa	2
Pseudom_aer_GCF_003206535_1	Pseudomonas aeruginosa	2
Pseudom_aer_GCF_003288335_1	Pseudomonas aeruginosa	2
Pseudom_aer_GCF_003288355_1	Pseudomonas aeruginosa	2
Pseudom_aer_GCF_003288435_1	Pseudomonas aeruginosa	2
Pseudom_aer_GCF_003319235_1	Pseudomonas aeruginosa	2
Pseudom_aer_GCF_003332705_2	Pseudomonas aeruginosa	2
Pseudom_aer_GCF_003369735_1	Pseudomonas aeruginosa	2
Pseudom_aer_GCF_003369755_1	Pseudomonas aeruginosa	2
Pseudom_aer_GCF_003369775_1	Pseudomonas aeruginosa	2
Pseudom_aer_GCF_003408495_1	Pseudomonas aeruginosa	2
Pseudom_aer_GCF_003411785_2	Pseudomonas aeruginosa	2
Pseudom_aer_GCF_003429185_1	Pseudomonas aeruginosa	2
Pseudom_aer_GCF_003429205_1	Pseudomonas aeruginosa	2
Pseudom_aer_GCF_003433235_1	Pseudomonas aeruginosa	2
Pseudom_aer_GCF_003571505_1	Pseudomonas aeruginosa	2
Pseudom_aer_GCF_003571805_1	Pseudomonas aeruginosa	2
Pseudom_aer_GCF_003641125_1	Pseudomonas aeruginosa	2
Pseudom_aer_GCF_003716765_1	Pseudomonas aeruginosa	2
Pseudom_aer_GCF_003798105_1	Pseudomonas aeruginosa	2
Pseudom_aer_GCF_003798125_1	Pseudomonas aeruginosa	2
Pseudom_aer_GCF_003798145_1	Pseudomonas aeruginosa	2
Pseudom_aer_GCF_003812165_1	Pseudomonas aeruginosa	2
Pseudom_aer_GCF_003812885_1	Pseudomonas aeruginosa	2
Pseudom_aer_GCF_003812905_1	Pseudomonas aeruginosa	2
Pseudom_aer_GCF_003813005_1	Pseudomonas aeruginosa	2
Pseudom_aer_GCF_003813025_1	Pseudomonas aeruginosa	2
Pseudom_aer_GCF_003950015_1	Pseudomonas aeruginosa	2
Pseudom_aer_GCF_003957825_1	Pseudomonas aeruginosa	2
Pseudom_aer_GCF_004010895_1	Pseudomonas aeruginosa	2
Pseudom_aer_GCF_004014755_1	Pseudomonas aeruginosa	2
Pseudom_aer_GCF_004102665_1	Pseudomonas aeruginosa	2
Pseudom_aer_GCF_004193735_1	Pseudomonas aeruginosa	2
Pseudom_aer_GCF_004291075_1	Pseudomonas aeruginosa	2
Pseudom_aer_GCF_004355125_1	Pseudomonas aeruginosa	2
Pseudom_aer_GCF_004355145_1	Pseudomonas aeruginosa	2
Pseudom_aer_GCF_005305005_1	Pseudomonas aeruginosa	2
Pseudom_aer_GCF_006364735_1	Pseudomonas aeruginosa	2
Pseudom_aer_GCF_006364795_1	Pseudomonas aeruginosa	2
Pseudom_aer_GCF_006704595_2	Pseudomonas aeruginosa	2
Pseudom_aer_GCF_006971785_1	Pseudomonas aeruginosa	2
Pseudom_aer_GCF_007559065_1	Pseudomonas aeruginosa	2
Pseudom_aer_GCF_007559085_1	Pseudomonas aeruginosa	2
Pseudom_aer_GCF_007559105_1	Pseudomonas aeruginosa	2
Pseudom_aer_GCF_007559125_1	Pseudomonas aeruginosa	2
Pseudom_aer_GCF_007833895_1	Pseudomonas aeruginosa	2
Pseudom_aer_GCF_008033725_1	Pseudomonas aeruginosa	2
Pseudom_aer_GCF_008033745_1	Pseudomonas aeruginosa	2
Pseudom_aer_GCF_008033765_1	Pseudomonas aeruginosa	2
Pseudom_aer_GCF_008195485_1	Pseudomonas aeruginosa	2
Pseudom_aer_GCF_008245185_1	Pseudomonas aeruginosa	2
Pseudom_aer_GCF_008705235_1	Pseudomonas aeruginosa	2
Pseudom_aer_GCF_009497675_1	Pseudomonas aeruginosa	2
Pseudom_aer_GCF_009648875_1	Pseudomonas aeruginosa	2
Pseudom_aer_GCF_009662315_1	Pseudomonas aeruginosa	2
Pseudom_aer_GCF_009664165_1	Pseudomonas aeruginosa	2
Pseudom_aer_GCF_009676765_1	Pseudomonas aeruginosa	2
Pseudom_aer_GCF_009676785_1	Pseudomonas aeruginosa	2
Pseudom_aer_GCF_009676885_1	Pseudomonas aeruginosa	2
Pseudom_aer_GCF_009720405_1	Pseudomonas aeruginosa	2
Pseudom_aer_GCF_009720425_1	Pseudomonas aeruginosa	2
Pseudom_aer_GCF_009867055_1	Pseudomonas aeruginosa	2
Pseudom_aer_GCF_009905195_1	Pseudomonas aeruginosa	2
Pseudom_aer_GCF_009911735_1	Pseudomonas aeruginosa	2
Pseudom_aer_GCF_011045375_1	Pseudomonas aeruginosa	2
Pseudom_aer_GCF_011106815_1	Pseudomonas aeruginosa	2
Pseudom_aer_GCF_011466835_1	Pseudomonas aeruginosa	2
Pseudom_aer_GCF_012276675_1	Pseudomonas aeruginosa	2
Pseudom_aer_GCF_012935295_1	Pseudomonas aeruginosa	2
Pseudom_aer_GCF_012971705_1	Pseudomonas aeruginosa	2
Pseudom_aer_GCF_013201095_1	Pseudomonas aeruginosa	2
Pseudom_aer_GCF_013201115_1	Pseudomonas aeruginosa	2
Pseudom_aer_GCF_013255565_1	Pseudomonas aeruginosa	2
Pseudom_aer_GCF_013260445_1	Pseudomonas aeruginosa	2
Pseudom_aer_GCF_013305645_2	Pseudomonas aeruginosa	2
Pseudom_aer_GCF_013305765_1	Pseudomonas aeruginosa	2
Pseudom_aer_GCF_013305815_1	Pseudomonas aeruginosa	2
Pseudom_aer_GCF_013305845_1	Pseudomonas aeruginosa	2
Pseudom_aer_GCF_013341315_1	Pseudomonas aeruginosa	2
Pseudom_aer_GCF_013343315_1	Pseudomonas aeruginosa	2
Pseudom_aer_GCF_013343335_1	Pseudomonas aeruginosa	2
Pseudom_aer_GCF_013343355_1	Pseudomonas aeruginosa	2
Pseudom_aer_GCF_013343375_1	Pseudomonas aeruginosa	2
Pseudom_aer_GCF_013343395_1	Pseudomonas aeruginosa	2
Pseudom_aer_GCF_013343415_1	Pseudomonas aeruginosa	2
Pseudom_aer_GCF_013343435_1	Pseudomonas aeruginosa	2
Pseudom_aer_GCF_013343455_1	Pseudomonas aeruginosa	2
Pseudom_aer_GCF_013343475_1	Pseudomonas aeruginosa	2
Pseudom_aer_GCF_013343495_1	Pseudomonas aeruginosa	2
Pseudom_aer_GCF_013343515_1	Pseudomonas aeruginosa	2
Pseudom_aer_GCF_013343535_1	Pseudomonas aeruginosa	2
Pseudom_aer_GCF_013343555_1	Pseudomonas aeruginosa	2
Pseudom_aer_GCF_013343575_1	Pseudomonas aeruginosa	2
Pseudom_aer_GCF_013347245_1	Pseudomonas aeruginosa	2
Pseudom_aer_GCF_013376775_1	Pseudomonas aeruginosa	2
Pseudom_aer_GCF_013393665_2	Pseudomonas aeruginosa	2
Pseudom_aer_GCF_013393685_1	Pseudomonas aeruginosa	2
Pseudom_aer_GCF_013393705_1	Pseudomonas aeruginosa	2
Pseudom_aer_GCF_013394455_1	Pseudomonas aeruginosa	2
Pseudom_aer_GCF_013394475_2	Pseudomonas aeruginosa	2
Pseudom_aer_GCF_013395035_1	Pseudomonas aeruginosa	2
Pseudom_aer_GCF_013467585_1	Pseudomonas aeruginosa	2
Pseudom_aer_GCF_013467605_1	Pseudomonas aeruginosa	2
Pseudom_aer_GCF_014155905_1	Pseudomonas aeruginosa	2
Pseudom_aer_GCF_014217315_1	Pseudomonas aeruginosa	2
Pseudom_aer_GCF_014467035_1	Pseudomonas aeruginosa	2
Pseudom_aer_GCF_014490645_1	Pseudomonas aeruginosa	2
Pseudom_aer_GCF_014792125_1	Pseudomonas aeruginosa	2
Pseudom_aer_GCF_014854655_1	Pseudomonas aeruginosa	2
Pseudom_aer_GCF_014930935_1	Pseudomonas aeruginosa	2
Pseudom_aer_GCF_015697465_1	Pseudomonas aeruginosa	2
Pseudom_aer_GCF_015697605_1	Pseudomonas aeruginosa	2
Pseudom_aer_GCF_015697645_1	Pseudomonas aeruginosa	2
Pseudom_aer_GCF_015697665_1	Pseudomonas aeruginosa	2
Pseudom_aer_GCF_015832055_1	Pseudomonas aeruginosa	2
Pseudom_aer_GCF_015832075_1	Pseudomonas aeruginosa	2
Pseudom_aer_GCF_016064595_1	Pseudomonas aeruginosa	2
Pseudom_aer_GCF_016105505_1	Pseudomonas aeruginosa	2
Pseudom_aer_GCF_016105665_1	Pseudomonas aeruginosa	2
Pseudom_aer_GCF_016105885_1	Pseudomonas aeruginosa	2
Pseudom_aer_GCF_016107485_1	Pseudomonas aeruginosa	2
Pseudom_aer_GCF_016126955_1	Pseudomonas aeruginosa	2
Pseudom_aer_GCF_016134915_1	Pseudomonas aeruginosa	2
Pseudom_aer_GCF_016584725_1	Pseudomonas aeruginosa	2
Pseudom_aer_GCF_016743035_1	Pseudomonas aeruginosa	2
Pseudom_aer_GCF_016743115_1	Pseudomonas aeruginosa	2
Pseudom_aer_GCF_016745115_1	Pseudomonas aeruginosa	2
Pseudom_aer_GCF_016745135_1	Pseudomonas aeruginosa	2
Pseudom_aer_GCF_016745155_1	Pseudomonas aeruginosa	2
Pseudom_aer_GCF_016745175_1	Pseudomonas aeruginosa	2
Pseudom_aer_GCF_016745195_1	Pseudomonas aeruginosa	2
Pseudom_aer_GCF_016811975_1	Pseudomonas aeruginosa	2
Pseudom_aer_GCF_016864415_1	Pseudomonas aeruginosa	2
Pseudom_aer_GCF_016925455_1	Pseudomonas aeruginosa	2
Pseudom_aer_GCF_016925475_1	Pseudomonas aeruginosa	2
Pseudom_aer_GCF_017378395_1	Pseudomonas aeruginosa	2
Pseudom_aer_GCF_017378475_1	Pseudomonas aeruginosa	2
Pseudom_aer_GCF_017900915_1	Pseudomonas aeruginosa	2
Pseudom_aer_GCF_018138045_1	Pseudomonas aeruginosa	2
Pseudom_aer_GCF_018138065_1	Pseudomonas aeruginosa	2
Pseudom_aer_GCF_018141565_1	Pseudomonas aeruginosa	2
Pseudom_aer_GCF_018141625_1	Pseudomonas aeruginosa	2
Pseudom_aer_GCF_018141645_1	Pseudomonas aeruginosa	2
Pseudom_aer_GCF_018279245_1	Pseudomonas aeruginosa	2
Pseudom_aer_GCF_018279265_1	Pseudomonas aeruginosa	2
Pseudom_aer_GCF_018279285_1	Pseudomonas aeruginosa	2
Pseudom_aer_GCF_018279305_1	Pseudomonas aeruginosa	2
Pseudom_aer_GCF_018409365_1	Pseudomonas aeruginosa	2
Pseudom_aer_GCF_018448985_1	Pseudomonas aeruginosa	2
Pseudom_aer_GCF_018598285_3	Pseudomonas aeruginosa	2
Pseudom_aer_GCF_018986715_1	Pseudomonas aeruginosa	2
Pseudom_aer_GCF_019364615_1	Pseudomonas aeruginosa	2
Pseudom_aer_GCF_019378915_1	Pseudomonas aeruginosa	2
Pseudom_aer_GCF_019379355_1	Pseudomonas aeruginosa	2
Pseudom_aer_GCF_019434075_1	Pseudomonas aeruginosa	2
Pseudom_aer_GCF_019434095_1	Pseudomonas aeruginosa	2
Pseudom_aer_GCF_019434135_1	Pseudomonas aeruginosa	2
Pseudom_aer_GCF_019434155_1	Pseudomonas aeruginosa	2
Pseudom_aer_GCF_019434175_1	Pseudomonas aeruginosa	2
Pseudom_aer_GCF_019434235_1	Pseudomonas aeruginosa	2
Pseudom_aer_GCF_019443665_1	Pseudomonas aeruginosa	2
Pseudom_aer_GCF_019466095_1	Pseudomonas aeruginosa	2
Pseudom_aer_GCF_019466145_1	Pseudomonas aeruginosa	2
Pseudom_aer_GCF_019710495_1	Pseudomonas aeruginosa	2
Pseudom_aer_GCF_019711215_1	Pseudomonas aeruginosa	2
Pseudom_aer_GCF_019720855_1	Pseudomonas aeruginosa	2
Pseudom_aer_GCF_019720875_1	Pseudomonas aeruginosa	2
Pseudom_aer_GCF_019738995_1	Pseudomonas aeruginosa	2
Pseudom_aer_GCF_019857245_1	Pseudomonas aeruginosa	2
Pseudom_aer_GCF_019857265_1	Pseudomonas aeruginosa	2
Pseudom_aer_GCF_019857285_1	Pseudomonas aeruginosa	2
Pseudom_aer_GCF_019857305_1	Pseudomonas aeruginosa	2
Pseudom_aer_GCF_019857325_1	Pseudomonas aeruginosa	2
Pseudom_aer_GCF_019857345_1	Pseudomonas aeruginosa	2
Pseudom_aer_GCF_019857365_1	Pseudomonas aeruginosa	2
Pseudom_aer_GCF_019857405_1	Pseudomonas aeruginosa	2
Pseudom_aer_GCF_019857425_1	Pseudomonas aeruginosa	2
Pseudom_aer_GCF_019857445_1	Pseudomonas aeruginosa	2
Pseudom_aer_GCF_019857465_1	Pseudomonas aeruginosa	2
Pseudom_aer_GCF_019857485_1	Pseudomonas aeruginosa	2
Pseudom_aer_GCF_019857505_1	Pseudomonas aeruginosa	2
Pseudom_aer_GCF_019857525_1	Pseudomonas aeruginosa	2
Pseudom_aer_GCF_019857545_1	Pseudomonas aeruginosa	2
Pseudom_aer_GCF_019857565_1	Pseudomonas aeruginosa	2
Pseudom_aer_GCF_019857585_1	Pseudomonas aeruginosa	2
Pseudom_aer_GCF_019857605_1	Pseudomonas aeruginosa	2
Pseudom_aer_GCF_019857625_1	Pseudomonas aeruginosa	2
Pseudom_aer_GCF_019857645_1	Pseudomonas aeruginosa	2
Pseudom_aer_GCF_019915445_1	Pseudomonas aeruginosa	2
Pseudom_aer_GCF_019915465_1	Pseudomonas aeruginosa	2
Pseudom_aer_GCF_019915485_1	Pseudomonas aeruginosa	2
Pseudom_aer_GCF_020771675_1	Pseudomonas aeruginosa	2
Pseudom_aer_GCF_020771755_1	Pseudomonas aeruginosa	2
Pseudom_aer_GCF_020990445_1	Pseudomonas aeruginosa	2
Pseudom_aer_GCF_020990465_1	Pseudomonas aeruginosa	2
Pseudom_aer_GCF_020990485_1	Pseudomonas aeruginosa	2
Pseudom_aer_GCF_021166255_1	Pseudomonas aeruginosa	2
Pseudom_aer_GCF_021166275_1	Pseudomonas aeruginosa	2
Pseudom_aer_GCF_021166315_1	Pseudomonas aeruginosa	2
Pseudom_aer_GCF_021166335_1	Pseudomonas aeruginosa	2
Pseudom_aer_GCF_021166355_1	Pseudomonas aeruginosa	2
Pseudom_aer_GCF_021166375_1	Pseudomonas aeruginosa	2
Pseudom_aer_GCF_021184245_1	Pseudomonas aeruginosa	2
Pseudom_aer_GCF_021184265_1	Pseudomonas aeruginosa	2
Pseudom_aer_GCF_021249245_1	Pseudomonas aeruginosa	2
Pseudom_aer_GCF_021266605_1	Pseudomonas aeruginosa	2
Pseudom_aer_GCF_021378395_1	Pseudomonas aeruginosa	2
Pseudom_aer_GCF_021398755_1	Pseudomonas aeruginosa	2
Pseudom_aer_GCF_021460035_1	Pseudomonas aeruginosa	2
Pseudom_aer_GCF_021497285_1	Pseudomonas aeruginosa	2
Pseudom_aer_GCF_021497305_1	Pseudomonas aeruginosa	2
Pseudom_aer_GCF_021497325_1	Pseudomonas aeruginosa	2
Pseudom_aer_GCF_021497345_1	Pseudomonas aeruginosa	2
Pseudom_aer_GCF_021497365_1	Pseudomonas aeruginosa	2
Pseudom_aer_GCF_021497385_1	Pseudomonas aeruginosa	2
Pseudom_aer_GCF_021497405_1	Pseudomonas aeruginosa	2
Pseudom_aer_GCF_021497425_1	Pseudomonas aeruginosa	2
Pseudom_aer_GCF_021497445_1	Pseudomonas aeruginosa	2
Pseudom_aer_GCF_021513295_1	Pseudomonas aeruginosa	2
Pseudom_aer_GCF_021513375_1	Pseudomonas aeruginosa	2
Pseudom_aer_GCF_021513395_1	Pseudomonas aeruginosa	2
Pseudom_aer_GCF_021513415_1	Pseudomonas aeruginosa	2
Pseudom_aer_GCF_021513435_1	Pseudomonas aeruginosa	2
Pseudom_aer_GCF_021513455_1	Pseudomonas aeruginosa	2
Pseudom_aer_GCF_021513475_1	Pseudomonas aeruginosa	2
Pseudom_aer_GCF_021513495_1	Pseudomonas aeruginosa	2
Pseudom_aer_GCF_021513515_1	Pseudomonas aeruginosa	2
Pseudom_aer_GCF_021513535_1	Pseudomonas aeruginosa	2
Pseudom_aer_GCF_021513555_1	Pseudomonas aeruginosa	2
Pseudom_aer_GCF_021513575_1	Pseudomonas aeruginosa	2
Pseudom_aer_GCF_021513595_1	Pseudomonas aeruginosa	2
Pseudom_aer_GCF_021513615_1	Pseudomonas aeruginosa	2
Pseudom_aer_GCF_021513635_1	Pseudomonas aeruginosa	2
Pseudom_aer_GCF_021513675_1	Pseudomonas aeruginosa	2
Pseudom_aer_GCF_900070375_1	Pseudomonas aeruginosa	2
Pseudom_aer_GCF_900095805_1	Pseudomonas aeruginosa	2
Pseudom_aer_GCF_900149285_1	Pseudomonas aeruginosa	2
Pseudom_aer_GCF_900243355_1	Pseudomonas aeruginosa	2
Pseudom_aer_GCF_900497025_1	Pseudomonas aeruginosa	2
Pseudom_aer_GCF_900618245_1	Pseudomonas aeruginosa	2
Pseudom_aer_GCF_900618255_1	Pseudomonas aeruginosa	2
Pseudom_aer_GCF_900618265_1	Pseudomonas aeruginosa	2
Pseudom_aer_GCF_900618275_1	Pseudomonas aeruginosa	2
Pseudom_aer_GCF_900618285_1	Pseudomonas aeruginosa	2
Pseudom_aer_GCF_900618315_1	Pseudomonas aeruginosa	2
Pseudom_aer_GCF_900618325_1	Pseudomonas aeruginosa	2
Pseudom_aer_GCF_900618335_1	Pseudomonas aeruginosa	2
Pseudom_aer_GCF_900636735_1	Pseudomonas aeruginosa	2
Pseudom_aer_GCF_900636755_1	Pseudomonas aeruginosa	2
Pseudom_aer_GCF_900636975_1	Pseudomonas aeruginosa	2
Pseudom_aer_GCF_900637045_1	Pseudomonas aeruginosa	2
Pseudom_aer_GCF_902703185_1	Pseudomonas aeruginosa	2
Pseudom_aer_GCF_902703195_1	Pseudomonas aeruginosa	2
Pseudom_aer_GCF_902703215_1	Pseudomonas aeruginosa	2
Pseudom_aer_GCF_904866275_1	Pseudomonas aeruginosa	2
Pseudom_aer_GCF_905071885_1	Pseudomonas aeruginosa	2
Pseudom_aer_LES431_GCF_000508765_1	Pseudomonas aeruginosa	2
Pseudom_aer_LESB58_GCF_000026645_1	Pseudomonas aeruginosa	2
Pseudom_aer_M18_GCF_000226155_1	Pseudomonas aeruginosa	2
Pseudom_aer_MTB_1_GCF_000504045_1	Pseudomonas aeruginosa	2
Pseudom_aer_NCGM2_S1_GCF_000284555_1	Pseudomonas aeruginosa	2
Pseudom_aer_PA1R_GCF_000496645_1	Pseudomonas aeruginosa	2
Pseudom_aer_PA1_GCF_000496605_2	Pseudomonas aeruginosa	2
Pseudom_aer_PA7_GCF_000017205_1	Pseudomonas aeruginosa	2
Pseudom_aer_PAK_GCF_902172305_2	Pseudomonas aeruginosa	2
Pseudom_aer_PAO1	Pseudomonas aeruginosa	2
Pseudom_aer_PAO1_GCF_013001005_1	Pseudomonas aeruginosa	2
Pseudom_aer_RP73_GCF_000414035_1	Pseudomonas aeruginosa	2
Pseudom_aer_SCV20265_GCF_000510305_1	Pseudomonas aeruginosa	2
Pseudom_aer_SG17M_GCF_020978345_1	Pseudomonas aeruginosa	2
Pseudom_aer_SJTD_1_GCF_000271985_2	Pseudomonas aeruginosa	2
Pseudom_aer_UCBPP_PA14_GCF_000014625_1	Pseudomonas aeruginosa	2
Pseudom_aer_VRFPA04_GCF_000473745_2	Pseudomonas aeruginosa	2
Pseudom_aer_YL84_GCF_000524595_1	Pseudomonas aeruginosa	2
Pseudom_stu_DSM_10701_GCF_000279165_1	Pseudomonas stutzeri	2
Pseudom_stu_GCF_001038645_1	Pseudomonas stutzeri	2
Pseudom_stu_GCF_015291885_1	Pseudomonas stutzeri	2
Pseudom_stu_GCF_019704535_1	Pseudomonas stutzeri	2
