Acin_bau_1656_2_GCF_000188215_1	Acinetobacter baumannii	1
Acin_bau_AB0057_GCF_000021245_2	Acinetobacter baumannii	1
Acin_bau_AB307_0294_GCF_002803025_2	Acinetobacter baumannii	1
Acin_bau_ACICU_GCF_000018445_1	Acinetobacter baumannii	1
Acin_bau_ACICU_GCF_005519135_2	Acinetobacter baumannii	1
Acin_bau_ATCC_17978_GCF_004797155_2	Acinetobacter baumannii	1
Acin_bau_ATCC_17978_GCF_013372085_1	Acinetobacter baumannii	1
Acin_bau_ATCC_19606_CIP_70_34_JCM_6841_GCF_019331655_1	Acinetobacter baumannii	1
Acin_bau_AYE_GCF_000069245_1	Acinetobacter baumannii	1
Acin_bau_BJAB07104_GCF_000419385_1	Acinetobacter baumannii	1
Acin_bau_BJAB0715_GCF_000419405_1	Acinetobacter baumannii	1
Acin_bau_BJAB0868_GCF_000419425_1	Acinetobacter baumannii	1
Acin_bau_D1279779_GCF_000186665_3	Acinetobacter baumannii	1
Acin_bau_DU202_GCF_000498375_2	Acinetobacter baumannii	1
Acin_bau_GCF_000695855_3	Acinetobacter baumannii	1
Acin_bau_GCF_000746605_1	Acinetobacter baumannii	1
Acin_bau_GCF_000746645_1	Acinetobacter baumannii	1
Acin_bau_GCF_000761175_1	Acinetobacter baumannii	1
Acin_bau_GCF_000814345_1	Acinetobacter baumannii	1
Acin_bau_GCF_000828935_1	Acinetobacter baumannii	1
Acin_bau_GCF_000830055_1	Acinetobacter baumannii	1
Acin_bau_GCF_000939415_2	Acinetobacter baumannii	1
Acin_bau_GCF_000963815_1	Acinetobacter baumannii	1
Acin_bau_GCF_001026965_1	Acinetobacter baumannii	1
Acin_bau_GCF_001077555_2	Acinetobacter baumannii	1
Acin_bau_GCF_001077655_1	Acinetobacter baumannii	1
Acin_bau_GCF_001077675_1	Acinetobacter baumannii	1
Acin_bau_GCF_001077965_2	Acinetobacter baumannii	1
Acin_bau_GCF_001261895_2	Acinetobacter baumannii	1
Acin_bau_GCF_001399655_1	Acinetobacter baumannii	1
Acin_bau_GCF_001457535_1	Acinetobacter baumannii	1
Acin_bau_GCF_001514375_1	Acinetobacter baumannii	1
Acin_bau_GCF_001517645_1	Acinetobacter baumannii	1
Acin_bau_GCF_001543995_1	Acinetobacter baumannii	1
Acin_bau_GCF_001573065_1	Acinetobacter baumannii	1
Acin_bau_GCF_001573085_1	Acinetobacter baumannii	1
Acin_bau_GCF_001573105_1	Acinetobacter baumannii	1
Acin_bau_GCF_001573125_1	Acinetobacter baumannii	1
Acin_bau_GCF_001578145_1	Acinetobacter baumannii	1
Acin_bau_GCF_001593425_2	Acinetobacter baumannii	1
Acin_bau_GCF_001636235_1	Acinetobacter baumannii	1
Acin_bau_GCF_001668465_2	Acinetobacter baumannii	1
Acin_bau_GCF_001669145_2	Acinetobacter baumannii	1
Acin_bau_GCF_001674475_2	Acinetobacter baumannii	1
Acin_bau_GCF_001674505_2	Acinetobacter baumannii	1
Acin_bau_GCF_001721705_1	Acinetobacter baumannii	1
Acin_bau_GCF_001806345_1	Acinetobacter baumannii	1
Acin_bau_GCF_001806365_1	Acinetobacter baumannii	1
Acin_bau_GCF_001806385_1	Acinetobacter baumannii	1
Acin_bau_GCF_001806405_1	Acinetobacter baumannii	1
Acin_bau_GCF_001806425_1	Acinetobacter baumannii	1
Acin_bau_GCF_001806445_1	Acinetobacter baumannii	1
Acin_bau_GCF_001806465_1	Acinetobacter baumannii	1
Acin_bau_GCF_001806485_1	Acinetobacter baumannii	1
Acin_bau_GCF_001887305_1	Acinetobacter baumannii	1
Acin_bau_GCF_001895125_2	Acinetobacter baumannii	1
Acin_bau_GCF_001895985_1	Acinetobacter baumannii	1
Acin_bau_GCF_001896005_1	Acinetobacter baumannii	1
Acin_bau_GCF_001902375_1	Acinetobacter baumannii	1
Acin_bau_GCF_001908295_1	Acinetobacter baumannii	1
Acin_bau_GCF_001922205_1	Acinetobacter baumannii	1
Acin_bau_GCF_001922225_1	Acinetobacter baumannii	1
Acin_bau_GCF_001922245_1	Acinetobacter baumannii	1
Acin_bau_GCF_001941765_1	Acinetobacter baumannii	1
Acin_bau_GCF_002082625_2	Acinetobacter baumannii	1
Acin_bau_GCF_002082645_1	Acinetobacter baumannii	1
Acin_bau_GCF_002082685_1	Acinetobacter baumannii	1
Acin_bau_GCF_002082705_1	Acinetobacter baumannii	1
Acin_bau_GCF_002082725_1	Acinetobacter baumannii	1
Acin_bau_GCF_002082745_1	Acinetobacter baumannii	1
Acin_bau_GCF_002082785_1	Acinetobacter baumannii	1
Acin_bau_GCF_002082805_1	Acinetobacter baumannii	1
Acin_bau_GCF_002082825_1	Acinetobacter baumannii	1
Acin_bau_GCF_002082845_1	Acinetobacter baumannii	1
Acin_bau_GCF_002082865_1	Acinetobacter baumannii	1
Acin_bau_GCF_002082885_1	Acinetobacter baumannii	1
Acin_bau_GCF_002116925_1	Acinetobacter baumannii	1
Acin_bau_GCF_002210065_1	Acinetobacter baumannii	1
Acin_bau_GCF_002504145_1	Acinetobacter baumannii	1
Acin_bau_GCF_002741415_1	Acinetobacter baumannii	1
Acin_bau_GCF_002753915_1	Acinetobacter baumannii	1
Acin_bau_GCF_002761575_1	Acinetobacter baumannii	1
Acin_bau_GCF_002762095_1	Acinetobacter baumannii	1
Acin_bau_GCF_002762115_1	Acinetobacter baumannii	1
Acin_bau_GCF_002762155_1	Acinetobacter baumannii	1
Acin_bau_GCF_002843665_1	Acinetobacter baumannii	1
Acin_bau_GCF_002902885_1	Acinetobacter baumannii	1
Acin_bau_GCF_002947415_1	Acinetobacter baumannii	1
Acin_bau_GCF_002947845_1	Acinetobacter baumannii	1
Acin_bau_GCF_002948925_1	Acinetobacter baumannii	1
Acin_bau_GCF_002950495_2	Acinetobacter baumannii	1
Acin_bau_GCF_002996805_1	Acinetobacter baumannii	1
Acin_bau_GCF_002999195_2	Acinetobacter baumannii	1
Acin_bau_GCF_003006035_1	Acinetobacter baumannii	1
Acin_bau_GCF_003010655_1	Acinetobacter baumannii	1
Acin_bau_GCF_003010675_1	Acinetobacter baumannii	1
Acin_bau_GCF_003029495_1	Acinetobacter baumannii	1
Acin_bau_GCF_003181015_1	Acinetobacter baumannii	1
Acin_bau_GCF_003264255_1	Acinetobacter baumannii	1
Acin_bau_GCF_003264275_1	Acinetobacter baumannii	1
Acin_bau_GCF_003264295_1	Acinetobacter baumannii	1
Acin_bau_GCF_003288775_1	Acinetobacter baumannii	1
Acin_bau_GCF_003296225_1	Acinetobacter baumannii	1
Acin_bau_GCF_003345235_1	Acinetobacter baumannii	1
Acin_bau_GCF_003431385_1	Acinetobacter baumannii	1
Acin_bau_GCF_003431865_1	Acinetobacter baumannii	1
Acin_bau_GCF_003516005_1	Acinetobacter baumannii	1
Acin_bau_GCF_003522665_1	Acinetobacter baumannii	1
Acin_bau_GCF_003522705_1	Acinetobacter baumannii	1
Acin_bau_GCF_003522785_1	Acinetobacter baumannii	1
Acin_bau_GCF_003522845_1	Acinetobacter baumannii	1
Acin_bau_GCF_003522885_1	Acinetobacter baumannii	1
Acin_bau_GCF_003547115_1	Acinetobacter baumannii	1
Acin_bau_GCF_003591615_1	Acinetobacter baumannii	1
Acin_bau_GCF_003812065_1	Acinetobacter baumannii	1
Acin_bau_GCF_003812385_1	Acinetobacter baumannii	1
Acin_bau_GCF_003812485_1	Acinetobacter baumannii	1
Acin_bau_GCF_003931755_1	Acinetobacter baumannii	1
Acin_bau_GCF_003931775_1	Acinetobacter baumannii	1
Acin_bau_GCF_003948085_2	Acinetobacter baumannii	1
Acin_bau_GCF_003948455_2	Acinetobacter baumannii	1
Acin_bau_GCF_003948535_2	Acinetobacter baumannii	1
Acin_bau_GCF_003949115_2	Acinetobacter baumannii	1
Acin_bau_GCF_003949595_2	Acinetobacter baumannii	1
Acin_bau_GCF_003949725_2	Acinetobacter baumannii	1
Acin_bau_GCF_004028375_1	Acinetobacter baumannii	1
Acin_bau_GCF_004101685_1	Acinetobacter baumannii	1
Acin_bau_GCF_004101705_1	Acinetobacter baumannii	1
Acin_bau_GCF_004101725_1	Acinetobacter baumannii	1
Acin_bau_GCF_004101745_1	Acinetobacter baumannii	1
Acin_bau_GCF_004136355_1	Acinetobacter baumannii	1
Acin_bau_GCF_004194555_1	Acinetobacter baumannii	1
Acin_bau_GCF_004564095_1	Acinetobacter baumannii	1
Acin_bau_GCF_004564115_1	Acinetobacter baumannii	1
Acin_bau_GCF_004758865_1	Acinetobacter baumannii	1
Acin_bau_GCF_004768705_1	Acinetobacter baumannii	1
Acin_bau_GCF_005280375_1	Acinetobacter baumannii	1
Acin_bau_GCF_005280435_1	Acinetobacter baumannii	1
Acin_bau_GCF_005280675_1	Acinetobacter baumannii	1
Acin_bau_GCF_005280695_1	Acinetobacter baumannii	1
Acin_bau_GCF_005280715_1	Acinetobacter baumannii	1
Acin_bau_GCF_005518095_1	Acinetobacter baumannii	1
Acin_bau_GCF_005671375_1	Acinetobacter baumannii	1
Acin_bau_GCF_006385075_1	Acinetobacter baumannii	1
Acin_bau_GCF_007107525_1	Acinetobacter baumannii	1
Acin_bau_GCF_007221455_1	Acinetobacter baumannii	1
Acin_bau_GCF_007647215_1	Acinetobacter baumannii	1
Acin_bau_GCF_008033255_2	Acinetobacter baumannii	1
Acin_bau_GCF_008124045_1	Acinetobacter baumannii	1
Acin_bau_GCF_008244865_1	Acinetobacter baumannii	1
Acin_bau_GCF_008244885_1	Acinetobacter baumannii	1
Acin_bau_GCF_008244905_1	Acinetobacter baumannii	1
Acin_bau_GCF_008630895_1	Acinetobacter baumannii	1
Acin_bau_GCF_008632635_1	Acinetobacter baumannii	1
Acin_bau_GCF_008802935_1	Acinetobacter baumannii	1
Acin_bau_GCF_008807055_1	Acinetobacter baumannii	1
Acin_bau_GCF_008931365_1	Acinetobacter baumannii	1
Acin_bau_GCF_009035845_1	Acinetobacter baumannii	1
Acin_bau_GCF_009455505_1	Acinetobacter baumannii	1
Acin_bau_GCF_009497995_1	Acinetobacter baumannii	1
Acin_bau_GCF_009498335_1	Acinetobacter baumannii	1
Acin_bau_GCF_009740145_1	Acinetobacter baumannii	1
Acin_bau_GCF_009759685_1	Acinetobacter baumannii	1
Acin_bau_GCF_009833005_1	Acinetobacter baumannii	1
Acin_bau_GCF_011067065_1	Acinetobacter baumannii	1
Acin_bau_GCF_012272715_1	Acinetobacter baumannii	1
Acin_bau_GCF_012272735_1	Acinetobacter baumannii	1
Acin_bau_GCF_012272755_1	Acinetobacter baumannii	1
Acin_bau_GCF_012272775_1	Acinetobacter baumannii	1
Acin_bau_GCF_012272795_1	Acinetobacter baumannii	1
Acin_bau_GCF_012931605_1	Acinetobacter baumannii	1
Acin_bau_GCF_012931625_1	Acinetobacter baumannii	1
Acin_bau_GCF_012931645_1	Acinetobacter baumannii	1
Acin_bau_GCF_012931665_1	Acinetobacter baumannii	1
Acin_bau_GCF_012934905_1	Acinetobacter baumannii	1
Acin_bau_GCF_012934925_1	Acinetobacter baumannii	1
Acin_bau_GCF_012934945_1	Acinetobacter baumannii	1
Acin_bau_GCF_012934965_1	Acinetobacter baumannii	1
Acin_bau_GCF_012934985_1	Acinetobacter baumannii	1
Acin_bau_GCF_012935005_1	Acinetobacter baumannii	1
Acin_bau_GCF_012935025_1	Acinetobacter baumannii	1
Acin_bau_GCF_012935045_1	Acinetobacter baumannii	1
Acin_bau_GCF_012935065_1	Acinetobacter baumannii	1
Acin_bau_GCF_012935085_1	Acinetobacter baumannii	1
Acin_bau_GCF_012935105_1	Acinetobacter baumannii	1
Acin_bau_GCF_012935125_1	Acinetobacter baumannii	1
Acin_bau_GCF_012935145_1	Acinetobacter baumannii	1
Acin_bau_GCF_012935165_1	Acinetobacter baumannii	1
Acin_bau_GCF_012935185_1	Acinetobacter baumannii	1
Acin_bau_GCF_012974585_1	Acinetobacter baumannii	1
Acin_bau_GCF_012974845_1	Acinetobacter baumannii	1
Acin_bau_GCF_013305465_1	Acinetobacter baumannii	1
Acin_bau_GCF_013376855_2	Acinetobacter baumannii	1
Acin_bau_GCF_013377175_1	Acinetobacter baumannii	1
Acin_bau_GCF_013394265_1	Acinetobacter baumannii	1
Acin_bau_GCF_013394285_1	Acinetobacter baumannii	1
Acin_bau_GCF_013416255_1	Acinetobacter baumannii	1
Acin_bau_GCF_013416275_1	Acinetobacter baumannii	1
Acin_bau_GCF_013787185_1	Acinetobacter baumannii	1
Acin_bau_GCF_014159355_1	Acinetobacter baumannii	1
Acin_bau_GCF_014169655_1	Acinetobacter baumannii	1
Acin_bau_GCF_014171935_1	Acinetobacter baumannii	1
Acin_bau_GCF_014267385_1	Acinetobacter baumannii	1
Acin_bau_GCF_014322245_1	Acinetobacter baumannii	1
Acin_bau_GCF_014672735_1	Acinetobacter baumannii	1
Acin_bau_GCF_014672755_1	Acinetobacter baumannii	1
Acin_bau_GCF_014672775_1	Acinetobacter baumannii	1
Acin_bau_GCF_014705785_1	Acinetobacter baumannii	1
Acin_bau_GCF_014705805_1	Acinetobacter baumannii	1
Acin_bau_GCF_014705825_1	Acinetobacter baumannii	1
Acin_bau_GCF_014705845_1	Acinetobacter baumannii	1
Acin_bau_GCF_014705865_1	Acinetobacter baumannii	1
Acin_bau_GCF_014705885_1	Acinetobacter baumannii	1
Acin_bau_GCF_014874575_1	Acinetobacter baumannii	1
Acin_bau_GCF_015571935_1	Acinetobacter baumannii	1
Acin_bau_GCF_015732435_1	Acinetobacter baumannii	1
Acin_bau_GCF_015870765_1	Acinetobacter baumannii	1
Acin_bau_GCF_015870965_1	Acinetobacter baumannii	1
Acin_bau_GCF_015910475_1	Acinetobacter baumannii	1
Acin_bau_GCF_016127515_1	Acinetobacter baumannii	1
Acin_bau_GCF_016350005_1	Acinetobacter baumannii	1
Acin_bau_GCF_016350065_1	Acinetobacter baumannii	1
Acin_bau_GCF_016350085_1	Acinetobacter baumannii	1
Acin_bau_GCF_016350105_1	Acinetobacter baumannii	1
Acin_bau_GCF_016864295_1	Acinetobacter baumannii	1
Acin_bau_GCF_016864315_2	Acinetobacter baumannii	1
Acin_bau_GCF_016864915_1	Acinetobacter baumannii	1
Acin_bau_GCF_016865465_1	Acinetobacter baumannii	1
Acin_bau_GCF_016903135_1	Acinetobacter baumannii	1
Acin_bau_GCF_016903215_1	Acinetobacter baumannii	1
Acin_bau_GCF_016919505_2	Acinetobacter baumannii	1
Acin_bau_GCF_017096325_2	Acinetobacter baumannii	1
Acin_bau_GCF_017096345_2	Acinetobacter baumannii	1
Acin_bau_GCF_017096365_2	Acinetobacter baumannii	1
Acin_bau_GCF_017096385_2	Acinetobacter baumannii	1
Acin_bau_GCF_017096405_2	Acinetobacter baumannii	1
Acin_bau_GCF_017096425_2	Acinetobacter baumannii	1
Acin_bau_GCF_017098185_2	Acinetobacter baumannii	1
Acin_bau_GCF_017098205_2	Acinetobacter baumannii	1
Acin_bau_GCF_017098225_2	Acinetobacter baumannii	1
Acin_bau_GCF_017098245_2	Acinetobacter baumannii	1
Acin_bau_GCF_017098265_1	Acinetobacter baumannii	1
Acin_bau_GCF_017639875_1	Acinetobacter baumannii	1
Acin_bau_GCF_017723975_1	Acinetobacter baumannii	1
Acin_bau_GCF_017724115_1	Acinetobacter baumannii	1
Acin_bau_GCF_017724155_1	Acinetobacter baumannii	1
Acin_bau_GCF_017724195_1	Acinetobacter baumannii	1
Acin_bau_GCF_017724215_1	Acinetobacter baumannii	1
Acin_bau_GCF_017726495_1	Acinetobacter baumannii	1
Acin_bau_GCF_017726555_1	Acinetobacter baumannii	1
Acin_bau_GCF_017726575_1	Acinetobacter baumannii	1
Acin_bau_GCF_017742855_1	Acinetobacter baumannii	1
Acin_bau_GCF_017753625_1	Acinetobacter baumannii	1
Acin_bau_GCF_018135585_1	Acinetobacter baumannii	1
Acin_bau_GCF_018454385_1	Acinetobacter baumannii	1
Acin_bau_GCF_018604365_1	Acinetobacter baumannii	1
Acin_bau_GCF_018808925_1	Acinetobacter baumannii	1
Acin_bau_GCF_018831125_1	Acinetobacter baumannii	1
Acin_bau_GCF_018831465_1	Acinetobacter baumannii	1
Acin_bau_GCF_018831485_1	Acinetobacter baumannii	1
Acin_bau_GCF_019076685_1	Acinetobacter baumannii	1
Acin_bau_GCF_019356075_1	Acinetobacter baumannii	1
Acin_bau_GCF_019356215_1	Acinetobacter baumannii	1
Acin_bau_GCF_019457715_1	Acinetobacter baumannii	1
Acin_bau_GCF_019458485_1	Acinetobacter baumannii	1
Acin_bau_GCF_019703285_1	Acinetobacter baumannii	1
Acin_bau_GCF_019903155_1	Acinetobacter baumannii	1
Acin_bau_GCF_019903175_1	Acinetobacter baumannii	1
Acin_bau_GCF_019903195_1	Acinetobacter baumannii	1
Acin_bau_GCF_019903215_1	Acinetobacter baumannii	1
Acin_bau_GCF_019997865_1	Acinetobacter baumannii	1
Acin_bau_GCF_020132105_1	Acinetobacter baumannii	1
Acin_bau_GCF_020271605_1	Acinetobacter baumannii	1
Acin_bau_GCF_020520325_1	Acinetobacter baumannii	1
Acin_bau_GCF_020520345_1	Acinetobacter baumannii	1
Acin_bau_GCF_020520365_1	Acinetobacter baumannii	1
Acin_bau_GCF_020520385_1	Acinetobacter baumannii	1
Acin_bau_GCF_020520405_1	Acinetobacter baumannii	1
Acin_bau_GCF_020810655_1	Acinetobacter baumannii	1
Acin_bau_GCF_020906565_1	Acinetobacter baumannii	1
Acin_bau_GCF_020911985_1	Acinetobacter baumannii	1
Acin_bau_GCF_020912005_1	Acinetobacter baumannii	1
Acin_bau_GCF_020985285_1	Acinetobacter baumannii	1
Acin_bau_GCF_021398135_1	Acinetobacter baumannii	1
Acin_bau_GCF_021484905_1	Acinetobacter baumannii	1
Acin_bau_GCF_021559695_1	Acinetobacter baumannii	1
Acin_bau_GCF_021609965_1	Acinetobacter baumannii	1
Acin_bau_GCF_021725415_1	Acinetobacter baumannii	1
Acin_bau_GCF_021729465_1	Acinetobacter baumannii	1
Acin_bau_GCF_021730415_1	Acinetobacter baumannii	1
Acin_bau_GCF_021764725_1	Acinetobacter baumannii	1
Acin_bau_GCF_021899715_1	Acinetobacter baumannii	1
Acin_bau_GCF_022369275_1	Acinetobacter baumannii	1
Acin_bau_GCF_022369355_1	Acinetobacter baumannii	1
Acin_bau_GCF_022429585_1	Acinetobacter baumannii	1
Acin_bau_GCF_900088705_1	Acinetobacter baumannii	1
Acin_bau_GCF_900093475_1	Acinetobacter baumannii	1
Acin_bau_GCF_900478145_1	Acinetobacter baumannii	1
Acin_bau_LAC_4_GCF_000786735_1	Acinetobacter baumannii	1
Acin_bau_MDR_TJ_GCF_000187205_2	Acinetobacter baumannii	1
Acin_bau_MDR_ZJ06_GCF_000226275_2	Acinetobacter baumannii	1
Acin_bau_NCGM_237_GCF_000828795_1	Acinetobacter baumannii	1
Acin_bau_TYTH_1_GCF_000302575_1	Acinetobacter baumannii	1
Acin_bau_ZW85_1_GCF_000505685_1	Acinetobacter baumannii	1
Acin_ber_GCF_002813045_1	Acinetobacter bereziniae	1
Acin_ber_GCF_016576845_1	Acinetobacter bereziniae	1
Acin_ber_GCF_016576965_1	Acinetobacter bereziniae	1
Acin_calc_GCF_002055515_1	Acinetobacter calcoaceticus	1
Acin_calc_GCF_016939475_1	Acinetobacter calcoaceticus	1
Acin_calc_GCF_021165835_1	Acinetobacter calcoaceticus	1
Acin_calc_GCF_021165855_1	Acinetobacter calcoaceticus	1
Acin_calc_GCF_900520355_1	Acinetobacter calcoaceticus	1
Acin_gui_GCF_002370525_2	Acinetobacter guillouiae	1
Acin_gui_GCF_020172725_1	Acinetobacter guillouiae	1
Acin_haemolyticus_GCF_001932555_1	Acinetobacter haemolyticus	1
Acin_haemolyticus_GCF_002813065_1	Acinetobacter haemolyticus	1
Acin_haemolyticus_GCF_003323815_1	Acinetobacter haemolyticus	1
Acin_haemolyticus_GCF_003430865_2	Acinetobacter haemolyticus	1
Acin_haemolyticus_GCF_004379355_1	Acinetobacter haemolyticus	1
Acin_haemolyticus_GCF_009892245_1	Acinetobacter haemolyticus	1
Acin_haemolyticus_GCF_009892265_1	Acinetobacter haemolyticus	1
Acin_haemolyticus_GCF_009892285_1	Acinetobacter haemolyticus	1
Acin_haemolyticus_GCF_009892305_1	Acinetobacter haemolyticus	1
Acin_haemolyticus_GCF_009892325_1	Acinetobacter haemolyticus	1
Acin_haemolyticus_GCF_009892345_1	Acinetobacter haemolyticus	1
Acin_haemolyticus_GCF_009892365_1	Acinetobacter haemolyticus	1
Acin_haemolyticus_GCF_009892385_1	Acinetobacter haemolyticus	1
Acin_haemolyticus_GCF_019355995_1	Acinetobacter haemolyticus	1
Acin_indicus_GCF_002953575_2	Acinetobacter indicus	1
Acin_indicus_GCF_009296145_1	Acinetobacter indicus	1
Acin_indicus_GCF_009734145_1	Acinetobacter indicus	1
Acin_indicus_GCF_009914375_1	Acinetobacter indicus	1
Acin_indicus_GCF_009914395_1	Acinetobacter indicus	1
Acin_indicus_GCF_009914415_1	Acinetobacter indicus	1
Acin_indicus_GCF_009914435_1	Acinetobacter indicus	1
Acin_indicus_GCF_009914475_1	Acinetobacter indicus	1
Acin_indicus_GCF_010917815_1	Acinetobacter indicus	1
Acin_indicus_GCF_010918195_1	Acinetobacter indicus	1
Acin_indicus_GCF_010918375_1	Acinetobacter indicus	1
Acin_indicus_GCF_012278715_1	Acinetobacter indicus	1
Acin_indicus_GCF_012278735_1	Acinetobacter indicus	1
Acin_indicus_GCF_013378115_1	Acinetobacter indicus	1
Acin_indicus_GCF_015217905_1	Acinetobacter indicus	1
Acin_indicus_GCF_015218885_1	Acinetobacter indicus	1
Acin_indicus_GCF_017132735_1	Acinetobacter indicus	1
Acin_indicus_GCF_017309425_1	Acinetobacter indicus	1
Acin_indicus_GCF_017309445_1	Acinetobacter indicus	1
Acin_joh_GCF_003335165_1	Acinetobacter johnsonii	1
Acin_joh_GCF_003939325_2	Acinetobacter johnsonii	1
Acin_joh_GCF_003952785_1	Acinetobacter johnsonii	1
Acin_joh_GCF_004337595_1	Acinetobacter johnsonii	1
Acin_joh_GCF_008180305_1	Acinetobacter johnsonii	1
Acin_joh_GCF_015602645_1	Acinetobacter johnsonii	1
Acin_joh_GCF_016027055_1	Acinetobacter johnsonii	1
Acin_joh_GCF_016725945_1	Acinetobacter johnsonii	1
Acin_joh_GCF_016726625_1	Acinetobacter johnsonii	1
Acin_joh_GCF_016728805_1	Acinetobacter johnsonii	1
Acin_joh_GCF_017068175_1	Acinetobacter johnsonii	1
Acin_joh_GCF_019334405_1	Acinetobacter johnsonii	1
Acin_joh_GCF_020162195_1	Acinetobacter johnsonii	1
Acin_joh_GCF_021432745_1	Acinetobacter johnsonii	1
Acin_joh_GCF_021496295_1	Acinetobacter johnsonii	1
Acin_joh_GCF_021496325_1	Acinetobacter johnsonii	1
Acin_joh_GCF_021496345_1	Acinetobacter johnsonii	1
Acin_joh_GCF_021496365_1	Acinetobacter johnsonii	1
Acin_joh_XBB1_GCF_001484935_1	Acinetobacter johnsonii	1
Acin_junii_GCF_001941805_1	Acinetobacter junii	1
Acin_junii_GCF_002165245_3	Acinetobacter junii	1
Acin_junii_GCF_002761875_1	Acinetobacter junii	1
Acin_junii_GCF_003939355_2	Acinetobacter junii	1
Acin_junii_GCF_016743155_1	Acinetobacter junii	1
Acin_junii_GCF_018281725_1	Acinetobacter junii	1
Acin_junii_GCF_018336855_1	Acinetobacter junii	1
Acin_junii_GCF_021491935_1	Acinetobacter junii	1
Acin_lac_GCF_002076935_1	Acinetobacter lactucae	1
Acin_lac_GCF_013122135_1	Acinetobacter lactucae	1
Acin_lwo_GCF_002119785_1	Acinetobacter lwoffii	1
Acin_lwo_GCF_009730095_1	Acinetobacter lwoffii	1
Acin_lwo_GCF_013349125_1	Acinetobacter lwoffii	1
Acin_lwo_GCF_013349205_1	Acinetobacter lwoffii	1
Acin_lwo_GCF_015602705_1	Acinetobacter lwoffii	1
Acin_lwo_GCF_019048305_1	Acinetobacter lwoffii	1
Acin_lwo_GCF_019048525_1	Acinetobacter lwoffii	1
Acin_lwo_GCF_019343495_1	Acinetobacter lwoffii	1
Acin_lwo_GCF_019787625_1	Acinetobacter lwoffii	1
Acin_lwo_GCF_019787645_1	Acinetobacter lwoffii	1
Acin_lwo_WJ10621_GCF_000219275_1	Acinetobacter lwoffii	1
Acin_nos_GCF_000814165_3	Acinetobacter nosocomialis	1
Acin_nos_GCF_002082665_1	Acinetobacter nosocomialis	1
Acin_nos_GCF_002951295_1	Acinetobacter nosocomialis	1
Acin_nos_GCF_003143895_1	Acinetobacter nosocomialis	1
Acin_nos_GCF_004295305_1	Acinetobacter nosocomialis	1
Acin_nos_GCF_004792395_1	Acinetobacter nosocomialis	1
Acin_nos_GCF_008086325_1	Acinetobacter nosocomialis	1
Acin_nos_GCF_009588945_1	Acinetobacter nosocomialis	1
Acin_nos_GCF_015602685_1	Acinetobacter nosocomialis	1
Acin_nos_GCF_019048685_1	Acinetobacter nosocomialis	1
Acin_nos_M2_GCF_005281455_1	Acinetobacter nosocomialis	1
Acin_pittii_GCF_001577285_1	Acinetobacter pittii	1
Acin_pittii_GCF_001617545_1	Acinetobacter pittii	1
Acin_pittii_GCF_002012285_1	Acinetobacter pittii	1
Acin_pittii_GCF_002158945_1	Acinetobacter pittii	1
Acin_pittii_GCF_002863745_1	Acinetobacter pittii	1
Acin_pittii_GCF_002902805_2	Acinetobacter pittii	1
Acin_pittii_GCF_002999115_2	Acinetobacter pittii	1
Acin_pittii_GCF_002999215_3	Acinetobacter pittii	1
Acin_pittii_GCF_003051965_2	Acinetobacter pittii	1
Acin_pittii_GCF_003956065_1	Acinetobacter pittii	1
Acin_pittii_GCF_006351765_1	Acinetobacter pittii	1
Acin_pittii_GCF_007954485_1	Acinetobacter pittii	1
Acin_pittii_GCF_008121475_1	Acinetobacter pittii	1
Acin_pittii_GCF_008694085_1	Acinetobacter pittii	1
Acin_pittii_GCF_009931315_1	Acinetobacter pittii	1
Acin_pittii_GCF_011996285_1	Acinetobacter pittii	1
Acin_pittii_GCF_014168695_1	Acinetobacter pittii	1
Acin_pittii_GCF_016804045_1	Acinetobacter pittii	1
Acin_pittii_GCF_016889305_1	Acinetobacter pittii	1
Acin_pittii_GCF_016889345_1	Acinetobacter pittii	1
Acin_pittii_GCF_016889825_1	Acinetobacter pittii	1
Acin_pittii_GCF_016890065_1	Acinetobacter pittii	1
Acin_pittii_GCF_019046965_1	Acinetobacter pittii	1
Acin_pittii_GCF_019047185_1	Acinetobacter pittii	1
Acin_pittii_GCF_019047205_1	Acinetobacter pittii	1
Acin_pittii_GCF_019048225_1	Acinetobacter pittii	1
Acin_pittii_GCF_019264765_1	Acinetobacter pittii	1
Acin_pittii_GCF_019703265_1	Acinetobacter pittii	1
Acin_pittii_GCF_020535225_1	Acinetobacter pittii	1
Acin_pittii_GCF_020544425_1	Acinetobacter pittii	1
Acin_pittii_GCF_020991105_1	Acinetobacter pittii	1
Acin_pittii_PHEA_2	Acinetobacter pittii	1
Acin_radio_DSM_6976_NBRC_102413_CIP_103788_GCF_006757745_1	Acinetobacter radioresistens	1
Acin_radio_GCF_002993105_1	Acinetobacter radioresistens	1
Acin_radio_GCF_003258335_1	Acinetobacter radioresistens	1
Acin_radio_GCF_005519305_1	Acinetobacter radioresistens	1
Acin_radio_GCF_014069095_1	Acinetobacter radioresistens	1
Acin_sch_GCF_001971565_1	Acinetobacter schindleri	1
Acin_sch_GCF_003072585_2	Acinetobacter schindleri	1
Acin_sch_GCF_007833615_1	Acinetobacter schindleri	1
Acin_sch_GCF_010918635_1	Acinetobacter schindleri	1
Acin_sch_GCF_010918895_1	Acinetobacter schindleri	1
Acin_sch_GCF_010919095_1	Acinetobacter schindleri	1
Acin_sei_GCF_014717515_1	Acinetobacter seifertii	1
Acin_sei_GCF_014718355_1	Acinetobacter seifertii	1
Acin_sei_GCF_014719215_1	Acinetobacter seifertii	1
Acin_sei_GCF_014719435_1	Acinetobacter seifertii	1
Acin_sei_GCF_014719835_1	Acinetobacter seifertii	1
Acin_sei_GCF_014720075_1	Acinetobacter seifertii	1
Acin_sei_GCF_014720495_1	Acinetobacter seifertii	1
Acin_sei_GCF_014720855_1	Acinetobacter seifertii	1
Acin_sei_GCF_014721075_1	Acinetobacter seifertii	1
Acin_sei_GCF_014721215_1	Acinetobacter seifertii	1
Acin_sei_GCF_014721415_1	Acinetobacter seifertii	1
Acin_sei_GCF_014721575_1	Acinetobacter seifertii	1
Acin_sei_GCF_014721815_1	Acinetobacter seifertii	1
Acin_sei_GCF_014722015_1	Acinetobacter seifertii	1
Acin_sei_GCF_014722775_1	Acinetobacter seifertii	1
Acin_sei_GCF_014723035_1	Acinetobacter seifertii	1
Acin_sei_GCF_014723055_1	Acinetobacter seifertii	1
Acin_sei_GCF_014723095_1	Acinetobacter seifertii	1
Acin_sei_GCF_014723135_1	Acinetobacter seifertii	1
Acin_sei_GCF_014723155_1	Acinetobacter seifertii	1
Acin_sei_GCF_014723195_1	Acinetobacter seifertii	1
Acin_sei_GCF_014788525_1	Acinetobacter seifertii	1
Acin_sei_GCF_016064815_1	Acinetobacter seifertii	1
Acin_sei_GCF_018138965_1	Acinetobacter seifertii	1
Acin_sei_GCF_019048405_1	Acinetobacter seifertii	1
Acin_soli_GCF_001953195_1	Acinetobacter soli	1
Acin_soli_GCF_018139125_1	Acinetobacter soli	1
Acin_tow_GCF_009676805_1	Acinetobacter towneri	1
Acin_tow_GCF_012220585_1	Acinetobacter towneri	1
Acin_tow_GCF_017498585_1	Acinetobacter towneri	1
Acin_tow_GCF_017498605_1	Acinetobacter towneri	1
Acin_tow_GCF_017498625_1	Acinetobacter towneri	1
Acin_tow_GCF_021432045_1	Acinetobacter towneri	1
Acin_urs_GCF_003966675_1	Acinetobacter ursingii	1
Acin_urs_GCF_016726205_1	Acinetobacter ursingii	1
Acin_urs_GCF_016726345_1	Acinetobacter ursingii	1
Acin_varia_GCF_003938405_2	Acinetobacter variabilis	1
Acin_varia_GCF_016607565_1	Acinetobacter variabilis	1
Acin_varia_GCF_018409485_1	Acinetobacter variabilis	1
Acin_varia_GCF_020099375_1	Acinetobacter variabilis	1
Acin_wuh_GCF_001696605_3	Acinetobacter wuhouensis	1
Acin_wuh_GCF_002165345_2	Acinetobacter wuhouensis	1
Act_del_GCF_900638385_1	Actinobacillus delphinicola	1
Act_equ_equuli_GCF_000801145_1	Actinobacillus equuli	1
Act_pleu_GCF_900638445_1	Actinobacillus pleuropneumoniae	1
Act_porc_GCF_003101015_1	Actinobacillus porcitonsillarum	1
Act_suis_ATCC_33415_GCF_000739435_1	Actinobacillus suis	1
Aerom_cav_GCF_014169735_1	Aeromonas caviae	1
Aerom_enc_GCF_900637545_1	Aeromonas encheleia	1
Aerom_entero_GCF_020341435_1	Aeromonas enteropelogenes	1
Aerom_media_GCF_020423125_1	Aeromonas media	1
Aerom_riv_GCF_020149575_1	Aeromonas rivuli	1
Aerom_salmonic_GCF_012931585_1	Aeromonas salmonicida	1
Ars_nas_GCF_004768525_1	Arsenophonus nasoniae	1
At_her_GCF_008064855_1	Atlantibacter hermannii	1
Bas_suc_GCF_011455875_1	Basfia succiniciproducens	1
Bib_tre_USDA_ARS_USMARC_188_GCF_000521725_1	Bibersteinia trehalosi	1
Bis_hud_GCF_013377195_1	Bisgaardia hudsonensis	1
Br_goo_GCF_002291445_1	Brenneria goodwinii	1
Br_iza_GCF_017569925_1	Brenneria izadpanahii	1
Br_nig_DSM_30175_ATCC_13028_GCF_005484965_1	Brenneria nigrifluens	1
Br_rubri_GCF_005484945_1	Brenneria rubrifaciens	1
But_agr_GCF_013234275_1	Buttiauxella agrestis	1
Car_hominis_GCF_900637305_1	Cardiobacterium hominis	1
Ced_lap_GCF_900635955_1	Cedecea lapagei	1
Ced_net_GCF_002393445_1	Cedecea neteri	1
Cha_multi_RB_25_GCF_000520015_2	Chania multitudinisentens	1
Chl_tracho_D_UW_3_CX	Chlamydia trachomatis	1
Ci_ama_GCF_001558935_2	Citrobacter amalonaticus	1
Ci_arsena_GCF_004353845_1	Citrobacter arsenatis	1
Ci_cro_GCF_016893685_1	Citrobacter cronae	1
Ci_freu_GCF_003812345_1	Citrobacter freundii	1
Ci_kos_ATCC_BAA_895_GCF_000018045_1	Citrobacter koseri	1
Ci_pas_GCF_019047765_1	Citrobacter pasteurii	1
Ci_port_GCF_008693605_1	Citrobacter portucalensis	1
Ci_rod_GCF_021278985_1	Citrobacter rodentium	1
Ci_sedl_GCF_018128425_1	Citrobacter sedlakii	1
Ci_tel_GCF_009363175_1	Citrobacter telavivensis	1
Ci_tru_GCF_004684345_1	Citrobacter tructae	1
Ci_wer_GCF_008693645_1	Citrobacter werkmanii	1
Ci_you_GCF_900638065_1	Citrobacter youngae	1
Cr_cond_1330_GCF_001277255_1	Cronobacter condimenti	1
Cr_dub_dublinensis_LMG_23823_GCF_001277235_1	Cronobacter dublinensis	1
Cr_malo_LMG_23826_GCF_001277215_2	Cronobacter malonaticus	1
Cr_muy_ATCC_51329_GCF_001277195_1	Cronobacter muytjensii	1
Cr_sak_GCF_003516125_1	Cronobacter sakazakii	1
Cr_uni_NCTC_9529_GCF_001277175_1	Cronobacter universalis	1
Dich_nod_VCS1703A_GCF_000015345_1	Dichelobacter nodosus	1
Dick_aquatica_GCF_900095885_1	Dickeya aquatica	1
Dick_chry_Ech1591_GCF_000023565_1	Dickeya chrysanthemi	1
Dick_dad_3937_GCF_000147055_1	Dickeya dadantii	1
Dick_dian_GCF_003403135_1	Dickeya dianthicola	1
Dick_fan_GCF_002812485_1	Dickeya fangzhongdai	1
Dick_paraz_Ech586_GCF_000025065_1	Dickeya parazeae	1
Dick_poac_GCF_007858975_2	Dickeya poaceiphila	1
Dick_sola_GCF_002846995_1	Dickeya solani	1
Dick_zeae_GCF_002887555_1	Dickeya zeae	1
En_asb_GCF_007035645_1	Enterobacter asburiae	1
En_bug_GCF_015137655_1	Enterobacter bugandensis	1
En_canc_GCF_019665745_1	Enterobacter cancerogenus	1
En_cheng_GCF_001984825_2	Enterobacter chengduensis	1
En_clo_GCF_000770155_1	Enterobacter cloacae	1
En_lud_GCF_001750725_1	Enterobacter ludwigii	1
En_oli_GCF_009176645_1	Enterobacter oligotrophicus	1
En_rog_GCF_001729805_1	Enterobacter roggenkampii	1
En_sic_GCF_009036245_1	Enterobacter sichuanensis	1
En_soli_GCF_000224675_1	Enterobacter soli	1
Er_amyl_CFBP1430_GCF_000091565_1	Erwinia amylovora	1
Er_bil_Eb661_GCF_000196615_1	Erwinia billingiae	1
Er_geru_GCF_020342335_1	Erwinia gerundensis	1
Er_persici_GCF_019844095_1	Erwinia persicina	1
Er_pyr_GCF_002952315_1	Erwinia pyrifoliae	1
Er_tas_Et1_99_GCF_000026185_1	Erwinia tasmaniensis	1
Er_trache_GCF_021365465_1	Erwinia tracheiphila	1
Es_albe_GCF_016904755_1	Escherichia albertii	1
Es_coli_K_12_MG1655	Escherichia coli	1
Es_coli_O157_H7_Sakai	Escherichia coli	1
Es_ferg_GCF_013892435_1	Escherichia fergusonii	1
Fre_canic_GCF_011455495_1	Frederiksenia canicola	1
Fri_perr_GCF_000807275_1	Frischella perrara	1
Gib_que_GCF_002291425_1	Gibbsiella quercinecans	1
Gl_paras_GCF_017352235_1	Glaesserella parasuis	1
Gri_hol_GCF_001558255_2	Grimontia hollisae	1
Hae_aeg_GCF_900475885_1	Haemophilus aegyptius	1
Hae_haemolyticus_GCF_900477945_1	Haemophilus haemolyticus	1
Hae_parah_GCF_016889385_1	Haemophilus parahaemolyticus	1
Hi_som_GCF_002162215_1	Histophilus somni	1
Kle_aerog_GCF_007632255_1	Klebsiella aerogenes	1
Kle_grimo_GCF_902164675_1	Klebsiella grimontii	1
Kle_hua_GCF_003261575_2	Klebsiella huaxiensis	1
Kle_mich_GCF_015139575_1	Klebsiella michiganensis	1
Kle_oxy_GCF_003812925_1	Klebsiella oxytoca	1
Kle_pneumon_pneumoniae_HS11286	Klebsiella pneumoniae	1
Kle_quasip_GCF_016415705_1	Klebsiella quasipneumoniae	1
Kle_quasiv_GCF_020525665_1	Klebsiella quasivariicola	1
Kle_varii_GCF_009648975_1	Klebsiella variicola	1
Klu_asc_GCF_015099135_1	Kluyvera ascorbata	1
Klu_inter_GCF_009649915_1	Kluyvera intermedia	1
Ko_ara_GCF_009363135_1	Kosakonia arachidis	1
Ko_cow_GCF_004089895_1	Kosakonia cowanii	1
Ko_oryzae_GCF_001658025_2	Kosakonia oryzae	1
Ko_pseudos_GCF_015167415_1	Kosakonia pseudosacchari	1
Ko_radic_GCF_008330085_1	Kosakonia radicincitans	1
Ko_sac_GCF_001683395_1	Kosakonia sacchari	1
Leg_cle_GCF_002240035_1	Legionella clemsonensis	1
Leg_gee_GCF_004571195_1	Legionella geestiana	1
Leg_hac_GCF_000953655_1	Legionella hackeliae	1
Leg_jor_GCF_900637635_1	Legionella jordanis	1
Leg_lan_GCF_900187355_1	Legionella lansingensis	1
Leg_spi_GCF_900637495_1	Legionella spiritensis	1
Lel_amn_GCF_019355955_1	Lelliottia amnigena	1
Lo_bri_GCF_003515985_1	Lonsdalea britannica	1
Lo_pop_GCF_015999465_1	Lonsdalea populi	1
Man_bovis_GCF_014541205_1	Mannheimia bovis	1
Man_granulo_GCF_011455695_1	Mannheimia granulomatis	1
Man_haemolytica_GCF_002285575_1	Mannheimia haemolytica	1
Man_ovis_GCF_009828705_1	Mannheimia ovis	1
Man_pern_GCF_013378015_1	Mannheimia pernigra	1
Man_varig_USDA_ARS_USMARC_1312_GCF_000521695_1	Mannheimia varigena	1
Mi_gav_GCF_002953195_1	Mixta gaviniae	1
Mi_intes_GCF_009914055_1	Mixta intestinalis	1
Mora_bovo_GCF_000988605_1	Moraxella bovoculi	1
Mora_bovo_GCF_000988725_2	Moraxella bovoculi	1
Mora_bovo_GCF_000988745_2	Moraxella bovoculi	1
Mora_non_GCF_016028775_1	Moraxella nonliquefaciens	1
Mora_non_GCF_016127895_1	Moraxella nonliquefaciens	1
Mu_paradi_Ech703_GCF_000023545_1	Musicola paradisiaca	1
Oc_avi_GCF_002157875_1	Oceanisphaera avium	1
Oc_prof_GCF_002157895_1	Oceanisphaera profunda	1
Ot_oris_GCF_009684715_1	Otariodibacter oris	1
Pan_agg_GCF_019048385_1	Pantoea agglomerans	1
Pan_alh_GCF_002101395_1	Pantoea alhagi	1
Pan_ana_PA13_GCF_000233595_1	Pantoea ananatis	1
Pan_dis_GCF_019890955_1	Pantoea dispersa	1
Pan_euca_GCF_009646115_1	Pantoea eucalypti	1
Pan_eucr_GCF_020079945_1	Pantoea eucrina	1
Pan_stew_GCF_011044475_1	Pantoea stewartii	1
Pan_vag_GCF_004792415_1	Pantoea vagans	1
Pas_atlantica_GCF_018343795_1	Pasteurella atlantica	1
Pas_canis_GCF_020810675_1	Pasteurella canis	1
Pas_dag_GCF_900186835_1	Pasteurella dagmatis	1
Pas_multo_multocida_Pm70_GCF_000006825_1	Pasteurella multocida	1
Pas_sky_GCF_013377295_1	Pasteurella skyensis	1
Pe_aquaticum_GCF_003382565_3	Pectobacterium aquaticum	1
Pe_aro_GCF_015689195_1	Pectobacterium aroidearum	1
Pe_atr_GCF_000740965_1	Pectobacterium atrosepticum	1
Pe_brasi_GCF_009873295_1	Pectobacterium brasiliense	1
Pe_caro_GCF_013488025_1	Pectobacterium carotovorum	1
Pe_odo_GCF_009931295_1	Pectobacterium odoriferum	1
Pe_parm_GCF_003992745_1	Pectobacterium parmentieri	1
Pe_parv_GCF_020971565_1	Pectobacterium parvum	1
Pe_pol_GCF_002288545_1	Pectobacterium polaris	1
Pe_pun_GCF_012427845_1	Pectobacterium punjabense	1
Pe_versa_GCF_003571485_1	Pectobacterium versatile	1
Pe_was_CFBP_3304_GCF_001742185_1	Pectobacterium wasabiae	1
Photor_akh_GCF_019090985_1	Photorhabdus akhurstii	1
Photor_asy_GCF_000196475_1	Photorhabdus asymbiotica	1
Photor_lau_laumondii_TTO1_GCF_000196155_1	Photorhabdus laumondii	1
Photor_thr_GCF_001010285_1	Photorhabdus thracensis	1
Phy_diaz_GCF_012923785_1	Phytobacter diazotrophicus	1
Phy_urs_GCF_001022135_1	Phytobacter ursingii	1
Ple_shig_GCF_020991025_1	Plesiomonas shigelloides	1
Plu_gerg_GCF_003019925_1	Pluralibacter gergoviae	1
Prov_hei_GCF_900475855_1	Providencia heimbachae	1
Prov_ret_GCF_003204135_1	Providencia rettgeri	1
Prov_sne_DSM_19967_GCF_000314895_2	Providencia sneebia	1
Pseude_vulne_GCF_902164725_1	Pseudescherichia vulneris	1
Pseudoa_phe_GCF_001444405_1	Pseudoalteromonas phenolica	1
Pseudoa_phe_O_BC30_GCF_014925335_1	Pseudoalteromonas phenolica	1
Pseudom_aeru_GCF_001516205_2	Pseudomonas aeruginosa	1
Pseudom_aeru_GCF_001516365_2	Pseudomonas aeruginosa	1
Pseudom_aeru_GCF_002205355_1	Pseudomonas aeruginosa	1
Pseudom_aeru_GCF_003288355_1	Pseudomonas aeruginosa	1
Pseudom_aeru_GCF_019434155_1	Pseudomonas aeruginosa	1
Pseudom_aeru_GCF_019434175_1	Pseudomonas aeruginosa	1
Pseudom_aeru_PA1R_GCF_000496645_1	Pseudomonas aeruginosa	1
Pseudom_aeru_PAK_GCF_000568855_2	Pseudomonas aeruginosa	1
Pseudom_aeru_PAK_GCF_902172305_2	Pseudomonas aeruginosa	1
Pseudom_alcalig_GCF_001597285_1	Pseudomonas alcaligenes	1
Pseudom_alcalig_GCF_016861485_1	Pseudomonas alcaligenes	1
Pseudom_alcalig_GCF_021654315_1	Pseudomonas alcaligenes	1
Pseudom_alky_GCF_000746525_1	Pseudomonas alkylphenolica	1
Pseudom_alky_GCF_009755645_1	Pseudomonas alkylphenolica	1
Pseudom_amyg_GCF_019334485_1	Pseudomonas amygdali	1
Pseudom_amyg_GCF_020204845_1	Pseudomonas amygdali	1
Pseudom_amyg_pv_lachrymans_GCF_002068135_1	Pseudomonas amygdali	1
Pseudom_amyg_pv_lachrymans_GCF_018603495_1	Pseudomonas amygdali	1
Pseudom_amyg_pv_lachrymans_M301315_GCF_000146005_2	Pseudomonas amygdali	1
Pseudom_amyg_pv_morsprunorum_GCF_002905685_2	Pseudomonas amygdali	1
Pseudom_amyg_pv_tabaci_ATCC_11528_GCF_000145945_2	Pseudomonas amygdali	1
Pseudom_amyg_pv_tabaci_GCF_018324325_1	Pseudomonas amygdali	1
Pseudom_antarctica_GCF_001647715_1	Pseudomonas antarctica	1
Pseudom_antarctica_GCF_900103795_1	Pseudomonas antarctica	1
Pseudom_arseni_GCF_004135995_1	Pseudomonas arsenicoxydans	1
Pseudom_arseni_GCF_900103875_1	Pseudomonas arsenicoxydans	1
Pseudom_asi_GCF_014656565_1	Pseudomonas asiatica	1
Pseudom_asi_GCF_014792105_1	Pseudomonas asiatica	1
Pseudom_ata_GCF_017167965_1	Pseudomonas atacamensis	1
Pseudom_ata_GCF_019139875_1	Pseudomonas atacamensis	1
Pseudom_azo_GCF_001579805_1	Pseudomonas azotoformans	1
Pseudom_azo_GCF_002007785_1	Pseudomonas azotoformans	1
Pseudom_azo_GCF_006547025_1	Pseudomonas azotoformans	1
Pseudom_azo_GCF_900103345_1	Pseudomonas azotoformans	1
Pseudom_bale_DSM_6083_GCF_000818015_1	Pseudomonas balearica	1
Pseudom_bale_GCF_011106855_1	Pseudomonas balearica	1
Pseudom_bale_GCF_016599775_1	Pseudomonas balearica	1
Pseudom_brass_GCF_000585995_1	Pseudomonas brassicacearum	1
Pseudom_brass_GCF_001449085_1	Pseudomonas brassicacearum	1
Pseudom_brass_GCF_001746815_1	Pseudomonas brassicacearum	1
Pseudom_brass_GCF_008370715_1	Pseudomonas brassicacearum	1
Pseudom_brass_GCF_009601685_2	Pseudomonas brassicacearum	1
Pseudom_brass_GCF_021389915_1	Pseudomonas brassicacearum	1
Pseudom_brass_GCF_900103245_1	Pseudomonas brassicacearum	1
Pseudom_brass_brassicacearum_NFM421_GCF_000194805_1	Pseudomonas brassicacearum	1
Pseudom_cann_pv_alisalensis_GCF_016599635_1	Pseudomonas cannabina	1
Pseudom_cann_pv_alisalensis_GCF_020309905_1	Pseudomonas cannabina	1
Pseudom_cera_GCF_900074915_1	Pseudomonas cerasi	1
Pseudom_cera_GCF_900235895_1	Pseudomonas cerasi	1
Pseudom_chl_GCF_000698865_1	Pseudomonas chlororaphis	1
Pseudom_chl_GCF_000963835_1	Pseudomonas chlororaphis	1
Pseudom_chl_GCF_001602135_1	Pseudomonas chlororaphis	1
Pseudom_chl_GCF_002844145_1	Pseudomonas chlororaphis	1
Pseudom_chl_GCF_003850605_1	Pseudomonas chlororaphis	1
Pseudom_chl_GCF_003851145_1	Pseudomonas chlororaphis	1
Pseudom_chl_GCF_003851785_1	Pseudomonas chlororaphis	1
Pseudom_chl_GCF_003851985_1	Pseudomonas chlororaphis	1
Pseudom_chl_GCF_009834495_1	Pseudomonas chlororaphis	1
Pseudom_chl_GCF_014524625_1	Pseudomonas chlororaphis	1
Pseudom_chl_GCF_017922675_1	Pseudomonas chlororaphis	1
Pseudom_chl_GCF_017922815_1	Pseudomonas chlororaphis	1
Pseudom_chl_GCF_017922915_1	Pseudomonas chlororaphis	1
Pseudom_chl_GCF_017922975_1	Pseudomonas chlororaphis	1
Pseudom_chl_GCF_020424105_1	Pseudomonas chlororaphis	1
Pseudom_chl_GCF_900104715_1	Pseudomonas chlororaphis	1
Pseudom_chl_GCF_900104985_1	Pseudomonas chlororaphis	1
Pseudom_chl_GCF_900104995_1	Pseudomonas chlororaphis	1
Pseudom_chl_GCF_900636995_1	Pseudomonas chlororaphis	1
Pseudom_chl_O6_GCF_000264555_1	Pseudomonas chlororaphis	1
Pseudom_chl_aurantiaca_GCF_000761195_1	Pseudomonas chlororaphis	1
Pseudom_chl_aurantiaca_GCF_002355875_1	Pseudomonas chlororaphis	1
Pseudom_chl_aurantiaca_GCF_003851165_1	Pseudomonas chlororaphis	1
Pseudom_chl_aurantiaca_GCF_003851205_1	Pseudomonas chlororaphis	1
Pseudom_chl_aurantiaca_GCF_003851225_1	Pseudomonas chlororaphis	1
Pseudom_chl_aurantiaca_GCF_003851265_1	Pseudomonas chlororaphis	1
Pseudom_chl_aurantiaca_GCF_003851305_1	Pseudomonas chlororaphis	1
Pseudom_chl_aurantiaca_GCF_003851345_1	Pseudomonas chlororaphis	1
Pseudom_chl_aurantiaca_GCF_003851805_1	Pseudomonas chlororaphis	1
Pseudom_chl_aurantiaca_GCF_003851835_1	Pseudomonas chlororaphis	1
Pseudom_chl_aurantiaca_GCF_009362955_1	Pseudomonas chlororaphis	1
Pseudom_chl_aurantiaca_GCF_010092525_1	Pseudomonas chlororaphis	1
Pseudom_chl_aurantiaca_GCF_012029635_1	Pseudomonas chlororaphis	1
Pseudom_chl_aurantiaca_GCF_013466605_1	Pseudomonas chlororaphis	1
Pseudom_chl_aurantiaca_GCF_016757635_1	Pseudomonas chlororaphis	1
Pseudom_chl_aureofaciens_30_84_GCF_000281915_1	Pseudomonas chlororaphis	1
Pseudom_chl_aureofaciens_GCF_003851365_1	Pseudomonas chlororaphis	1
Pseudom_chl_aureofaciens_GCF_003851385_1	Pseudomonas chlororaphis	1
Pseudom_chl_aureofaciens_GCF_003851405_1	Pseudomonas chlororaphis	1
Pseudom_chl_aureofaciens_GCF_003851445_1	Pseudomonas chlororaphis	1
Pseudom_chl_aureofaciens_GCF_003851865_1	Pseudomonas chlororaphis	1
Pseudom_chl_aureofaciens_GCF_003851905_1	Pseudomonas chlororaphis	1
Pseudom_chl_aureofaciens_GCF_003851925_1	Pseudomonas chlororaphis	1
Pseudom_chl_aureofaciens_GCF_003851955_1	Pseudomonas chlororaphis	1
Pseudom_chl_aureofaciens_GCF_003852005_1	Pseudomonas chlororaphis	1
Pseudom_chl_aureofaciens_GCF_016413685_1	Pseudomonas chlororaphis	1
Pseudom_chl_chlororaphis_GCF_003945765_1	Pseudomonas chlororaphis	1
Pseudom_chl_piscium_GCF_003008635_1	Pseudomonas chlororaphis	1
Pseudom_chl_piscium_GCF_003850345_1	Pseudomonas chlororaphis	1
Pseudom_chl_piscium_GCF_003850365_1	Pseudomonas chlororaphis	1
Pseudom_chl_piscium_GCF_003850385_1	Pseudomonas chlororaphis	1
Pseudom_chl_piscium_GCF_003850405_1	Pseudomonas chlororaphis	1
Pseudom_chl_piscium_GCF_003850425_1	Pseudomonas chlororaphis	1
Pseudom_chl_piscium_GCF_003850445_1	Pseudomonas chlororaphis	1
Pseudom_chl_piscium_GCF_003850465_1	Pseudomonas chlororaphis	1
Pseudom_chl_piscium_GCF_003850485_1	Pseudomonas chlororaphis	1
Pseudom_chl_piscium_GCF_003850505_1	Pseudomonas chlororaphis	1
Pseudom_chl_piscium_GCF_003850525_1	Pseudomonas chlororaphis	1
Pseudom_chl_piscium_GCF_003850585_1	Pseudomonas chlororaphis	1
Pseudom_cic_GCF_018343775_1	Pseudomonas cichorii	1
Pseudom_cic_GCF_018968705_1	Pseudomonas cichorii	1
Pseudom_cic_JBC1_GCF_000517305_1	Pseudomonas cichorii	1
Pseudom_citro_GCF_001586155_1	Pseudomonas citronellolis	1
Pseudom_citro_GCF_001654435_1	Pseudomonas citronellolis	1
Pseudom_cong_GCF_018516745_1	Pseudomonas congelans	1
Pseudom_cong_GCF_018516785_1	Pseudomonas congelans	1
Pseudom_coro_GCF_011765175_1	Pseudomonas coronafaciens	1
Pseudom_coro_pv_coronafaciens_GCF_009734285_1	Pseudomonas coronafaciens	1
Pseudom_coro_pv_oryzae_1_6_GCF_000156995_2	Pseudomonas coronafaciens	1
Pseudom_corr_GCF_001708425_1	Pseudomonas corrugata	1
Pseudom_corr_GCF_017604325_1	Pseudomonas corrugata	1
Pseudom_corr_GCF_900106085_1	Pseudomonas corrugata	1
Pseudom_entomophi_GCF_003940785_1	Pseudomonas entomophila	1
Pseudom_entomophi_GCF_018417595_1	Pseudomonas entomophila	1
Pseudom_entomophi_L48_GCF_000026105_1	Pseudomonas entomophila	1
Pseudom_fluo_A506_GCF_000262325_2	Pseudomonas fluorescens	1
Pseudom_fluo_BBc6R8_GCF_000297195_3	Pseudomonas fluorescens	1
Pseudom_fluo_GCF_000730425_1	Pseudomonas fluorescens	1
Pseudom_fluo_GCF_001307155_1	Pseudomonas fluorescens	1
Pseudom_fluo_GCF_001307275_1	Pseudomonas fluorescens	1
Pseudom_fluo_GCF_001623525_1	Pseudomonas fluorescens	1
Pseudom_fluo_GCF_001708445_1	Pseudomonas fluorescens	1
Pseudom_fluo_GCF_001708465_1	Pseudomonas fluorescens	1
Pseudom_fluo_GCF_001747385_1	Pseudomonas fluorescens	1
Pseudom_fluo_GCF_001878715_1	Pseudomonas fluorescens	1
Pseudom_fluo_GCF_002865505_1	Pseudomonas fluorescens	1
Pseudom_fluo_GCF_003055645_1	Pseudomonas fluorescens	1
Pseudom_fluo_GCF_003352875_1	Pseudomonas fluorescens	1
Pseudom_fluo_GCF_003410335_1	Pseudomonas fluorescens	1
Pseudom_fluo_GCF_003612935_1	Pseudomonas fluorescens	1
Pseudom_fluo_GCF_003626995_1	Pseudomonas fluorescens	1
Pseudom_fluo_GCF_004683905_1	Pseudomonas fluorescens	1
Pseudom_fluo_GCF_010448615_1	Pseudomonas fluorescens	1
Pseudom_fluo_GCF_010668965_1	Pseudomonas fluorescens	1
Pseudom_fluo_GCF_012974785_1	Pseudomonas fluorescens	1
Pseudom_fluo_GCF_013401475_1	Pseudomonas fluorescens	1
Pseudom_fluo_GCF_015074865_1	Pseudomonas fluorescens	1
Pseudom_fluo_GCF_016728065_1	Pseudomonas fluorescens	1
Pseudom_fluo_GCF_017498465_1	Pseudomonas fluorescens	1
Pseudom_fluo_GCF_017948385_1	Pseudomonas fluorescens	1
Pseudom_fluo_GCF_018502625_1	Pseudomonas fluorescens	1
Pseudom_fluo_GCF_019212185_1	Pseudomonas fluorescens	1
Pseudom_fluo_GCF_022023875_1	Pseudomonas fluorescens	1
Pseudom_fluo_GCF_900215245_1	Pseudomonas fluorescens	1
Pseudom_fluo_GCF_900475215_1	Pseudomonas fluorescens	1
Pseudom_fluo_GCF_900636825_1	Pseudomonas fluorescens	1
Pseudom_fluo_NCIMB_11764_GCF_000293885_2	Pseudomonas fluorescens	1
Pseudom_fluo_Pf0_1_GCF_000012445_1	Pseudomonas fluorescens	1
Pseudom_fluo_Q2_87_GCF_000281895_1	Pseudomonas fluorescens	1
Pseudom_fluo_Q8r1_96_GCF_000263695_1	Pseudomonas fluorescens	1
Pseudom_fluo_R124_GCF_000292795_1	Pseudomonas fluorescens	1
Pseudom_fluo_SBW25_GCF_000009225_2	Pseudomonas fluorescens	1
Pseudom_fluo_WH6_GCF_000166515_1	Pseudomonas fluorescens	1
Pseudom_fragi_GCF_001543265_1	Pseudomonas fragi	1
Pseudom_fragi_GCF_002128325_1	Pseudomonas fragi	1
Pseudom_fragi_GCF_002205455_1	Pseudomonas fragi	1
Pseudom_fragi_GCF_015476275_1	Pseudomonas fragi	1
Pseudom_fragi_GCF_015767515_1	Pseudomonas fragi	1
Pseudom_fragi_GCF_900105835_1	Pseudomonas fragi	1
Pseudom_fred_GCF_001874645_1	Pseudomonas frederiksbergensis	1
Pseudom_fred_GCF_001952935_1	Pseudomonas frederiksbergensis	1
Pseudom_fred_GCF_002355315_1	Pseudomonas frederiksbergensis	1
Pseudom_ful_12_X_GCF_000213805_1	Pseudomonas fulva	1
Pseudom_ful_GCF_002951475_1	Pseudomonas fulva	1
Pseudom_ful_GCF_015679205_1	Pseudomonas fulva	1
Pseudom_ful_GCF_015679225_1	Pseudomonas fulva	1
Pseudom_grana_GCF_016859165_1	Pseudomonas granadensis	1
Pseudom_grana_GCF_900105485_1	Pseudomonas granadensis	1
Pseudom_junt_GCF_021560075_1	Pseudomonas juntendi	1
Pseudom_junt_GCF_021725455_1	Pseudomonas juntendi	1
Pseudom_kna_B13_GCF_000689415_1	Pseudomonas knackmussii	1
Pseudom_kna_GCF_009911755_1	Pseudomonas knackmussii	1
Pseudom_kor_GCF_001605965_1	Pseudomonas koreensis	1
Pseudom_kor_GCF_001654515_1	Pseudomonas koreensis	1
Pseudom_kor_GCF_900101415_1	Pseudomonas koreensis	1
Pseudom_kri_GCF_003352185_1	Pseudomonas kribbensis	1
Pseudom_kri_GCF_021398855_1	Pseudomonas kribbensis	1
Pseudom_lal_GCF_008807375_1	Pseudomonas lalkuanensis	1
Pseudom_lal_GCF_020422905_1	Pseudomonas lalkuanensis	1
Pseudom_lib_GCF_003952245_1	Pseudomonas libanensis	1
Pseudom_lib_GCF_900101035_1	Pseudomonas libanensis	1
Pseudom_lun_GCF_001020725_2	Pseudomonas lundensis	1
Pseudom_lun_GCF_015377145_2	Pseudomonas lundensis	1
Pseudom_lun_GCF_018449005_1	Pseudomonas lundensis	1
Pseudom_lun_GCF_018449025_1	Pseudomonas lundensis	1
Pseudom_lur_GCF_001708485_1	Pseudomonas lurida	1
Pseudom_lur_GCF_002966835_1	Pseudomonas lurida	1
Pseudom_mand_GCF_019693255_1	Pseudomonas mandelii	1
Pseudom_mand_GCF_900106065_1	Pseudomonas mandelii	1
Pseudom_mand_JR_1_GCF_000257545_3	Pseudomonas mandelii	1
Pseudom_medit_GCF_009818265_1	Pseudomonas mediterranea	1
Pseudom_medit_GCF_900106005_1	Pseudomonas mediterranea	1
Pseudom_men_GCF_002155165_1	Pseudomonas mendocina	1
Pseudom_men_GCF_002442555_1	Pseudomonas mendocina	1
Pseudom_men_GCF_003008615_1	Pseudomonas mendocina	1
Pseudom_men_GCF_017798225_1	Pseudomonas mendocina	1
Pseudom_men_GCF_900636545_1	Pseudomonas mendocina	1
Pseudom_men_NK_01_GCF_000204295_1	Pseudomonas mendocina	1
Pseudom_men_S5_2_GCF_000733715_2	Pseudomonas mendocina	1
Pseudom_mont_GCF_002943995_1	Pseudomonas monteilii	1
Pseudom_mont_GCF_003671975_1	Pseudomonas monteilii	1
Pseudom_mont_GCF_009831395_1	Pseudomonas monteilii	1
Pseudom_mont_GCF_011045675_1	Pseudomonas monteilii	1
Pseudom_mont_GCF_011045695_1	Pseudomonas monteilii	1
Pseudom_mont_GCF_015136515_1	Pseudomonas monteilii	1
Pseudom_mont_GCF_021497465_1	Pseudomonas monteilii	1
Pseudom_mont_SB3078_GCF_000510285_1	Pseudomonas monteilii	1
Pseudom_mont_SB3101_GCF_000510325_1	Pseudomonas monteilii	1
Pseudom_mora_GCF_900105805_1	Pseudomonas moraviensis	1
Pseudom_mora_R28_S_GCF_000512275_1	Pseudomonas moraviensis	1
Pseudom_mos_GCF_002309555_1	Pseudomonas mosselii	1
Pseudom_mos_GCF_002736065_1	Pseudomonas mosselii	1
Pseudom_mos_GCF_019823065_1	Pseudomonas mosselii	1
Pseudom_muc_GCF_900106045_1	Pseudomonas mucidolens	1
Pseudom_muc_GCF_900475945_1	Pseudomonas mucidolens	1
Pseudom_oga_GCF_000237065_1	Pseudomonas ogarae	1
Pseudom_oga_GCF_002879715_1	Pseudomonas ogarae	1
Pseudom_orie_GCF_002934065_1	Pseudomonas orientalis	1
Pseudom_orie_GCF_003851585_1	Pseudomonas orientalis	1
Pseudom_orie_GCF_003851605_1	Pseudomonas orientalis	1
Pseudom_orie_GCF_003851645_1	Pseudomonas orientalis	1
Pseudom_orie_GCF_003852045_1	Pseudomonas orientalis	1
Pseudom_orie_GCF_900105795_1	Pseudomonas orientalis	1
Pseudom_oryzi_GCF_001518815_1	Pseudomonas oryzihabitans	1
Pseudom_oryzi_GCF_003293465_1	Pseudomonas oryzihabitans	1
Pseudom_oryzi_GCF_008693825_1	Pseudomonas oryzihabitans	1
Pseudom_oti_GCF_011397855_1	Pseudomonas otitidis	1
Pseudom_oti_GCF_014161995_1	Pseudomonas otitidis	1
Pseudom_oti_GCF_019879085_1	Pseudomonas otitidis	1
Pseudom_paraf_GCF_000800255_1	Pseudomonas parafulva	1
Pseudom_paraf_GCF_002021815_1	Pseudomonas parafulva	1
Pseudom_paraf_GCF_003410295_1	Pseudomonas parafulva	1
Pseudom_plec_GCF_000831585_1	Pseudomonas plecoglossicida	1
Pseudom_plec_GCF_003391255_1	Pseudomonas plecoglossicida	1
Pseudom_plec_GCF_013378035_1	Pseudomonas plecoglossicida	1
Pseudom_poae_GCF_014930995_1	Pseudomonas poae	1
Pseudom_poae_GCF_900103965_1	Pseudomonas poae	1
Pseudom_poae_RE_1_1_14_GCF_000336465_1	Pseudomonas poae	1
Pseudom_prot_CHA0_GCF_000397205_1	Pseudomonas protegens	1
Pseudom_prot_CHA0_GCF_900560965_1	Pseudomonas protegens	1
Pseudom_prot_Cab57_GCF_000828695_1	Pseudomonas protegens	1
Pseudom_prot_GCF_002006545_1	Pseudomonas protegens	1
Pseudom_prot_GCF_002208745_2	Pseudomonas protegens	1
Pseudom_prot_GCF_003363755_1	Pseudomonas protegens	1
Pseudom_prot_GCF_008807675_1	Pseudomonas protegens	1
Pseudom_prot_GCF_008807695_1	Pseudomonas protegens	1
Pseudom_prot_GCF_008807715_1	Pseudomonas protegens	1
Pseudom_prot_GCF_009745915_1	Pseudomonas protegens	1
Pseudom_prot_GCF_013407925_2	Pseudomonas protegens	1
Pseudom_prot_GCF_013409685_2	Pseudomonas protegens	1
Pseudom_prot_GCF_016903635_1	Pseudomonas protegens	1
Pseudom_prot_GCF_017347385_1	Pseudomonas protegens	1
Pseudom_prot_GCF_017923085_1	Pseudomonas protegens	1
Pseudom_prot_GCF_017923175_1	Pseudomonas protegens	1
Pseudom_prot_GCF_017923275_1	Pseudomonas protegens	1
Pseudom_prot_GCF_017923375_1	Pseudomonas protegens	1
Pseudom_prot_GCF_017927795_1	Pseudomonas protegens	1
Pseudom_prot_GCF_017930355_1	Pseudomonas protegens	1
Pseudom_prot_GCF_019466035_1	Pseudomonas protegens	1
Pseudom_prot_GCF_019754235_1	Pseudomonas protegens	1
Pseudom_prot_Pf_5_GCF_000012265_1	Pseudomonas protegens	1
Pseudom_psychrop_GCF_011040435_1	Pseudomonas psychrophila	1
Pseudom_psychrop_GCF_900106105_1	Pseudomonas psychrophila	1
Pseudom_psychrot_GCF_001913135_1	Pseudomonas psychrotolerans	1
Pseudom_psychrot_GCF_006384975_1	Pseudomonas psychrotolerans	1
Pseudom_psychrot_GCF_014522265_1	Pseudomonas psychrotolerans	1
Pseudom_puti_B6_2_GCF_000226035_2	Pseudomonas putida	1
Pseudom_puti_BIRD_1_GCF_000183645_1	Pseudomonas putida	1
Pseudom_puti_DOT_T1E_GCF_000281215_1	Pseudomonas putida	1
Pseudom_puti_GB_1_GCF_000019125_1	Pseudomonas putida	1
Pseudom_puti_GCF_000691565_1	Pseudomonas putida	1
Pseudom_puti_GCF_001515585_1	Pseudomonas putida	1
Pseudom_puti_GCF_001630725_2	Pseudomonas putida	1
Pseudom_puti_GCF_001636055_1	Pseudomonas putida	1
Pseudom_puti_GCF_001886975_1	Pseudomonas putida	1
Pseudom_puti_GCF_001908395_1	Pseudomonas putida	1
Pseudom_puti_GCF_002025705_1	Pseudomonas putida	1
Pseudom_puti_GCF_002356095_1	Pseudomonas putida	1
Pseudom_puti_GCF_002736045_1	Pseudomonas putida	1
Pseudom_puti_GCF_002736125_1	Pseudomonas putida	1
Pseudom_puti_GCF_002741075_1	Pseudomonas putida	1
Pseudom_puti_GCF_003290365_1	Pseudomonas putida	1
Pseudom_puti_GCF_003671955_1	Pseudomonas putida	1
Pseudom_puti_GCF_005080685_1	Pseudomonas putida	1
Pseudom_puti_GCF_007833495_1	Pseudomonas putida	1
Pseudom_puti_GCF_008605605_1	Pseudomonas putida	1
Pseudom_puti_GCF_009883635_2	Pseudomonas putida	1
Pseudom_puti_GCF_009938035_1	Pseudomonas putida	1
Pseudom_puti_GCF_013305625_1	Pseudomonas putida	1
Pseudom_puti_GCF_013425825_1	Pseudomonas putida	1
Pseudom_puti_GCF_014076515_1	Pseudomonas putida	1
Pseudom_puti_GCF_014162535_1	Pseudomonas putida	1
Pseudom_puti_GCF_014169055_1	Pseudomonas putida	1
Pseudom_puti_GCF_014217705_1	Pseudomonas putida	1
Pseudom_puti_GCF_014726755_1	Pseudomonas putida	1
Pseudom_puti_GCF_014764425_1	Pseudomonas putida	1
Pseudom_puti_GCF_014854555_1	Pseudomonas putida	1
Pseudom_puti_GCF_016406145_1	Pseudomonas putida	1
Pseudom_puti_GCF_018141045_1	Pseudomonas putida	1
Pseudom_puti_GCF_019355435_1	Pseudomonas putida	1
Pseudom_puti_GCF_022354785_1	Pseudomonas putida	1
Pseudom_puti_GCF_900156185_1	Pseudomonas putida	1
Pseudom_puti_GCF_900167985_1	Pseudomonas putida	1
Pseudom_puti_GCF_900636645_1	Pseudomonas putida	1
Pseudom_puti_HB3267_GCF_000325725_1	Pseudomonas putida	1
Pseudom_puti_JB_GCF_001767335_1	Pseudomonas putida	1
Pseudom_puti_KT2440_GCF_000007565_2	Pseudomonas putida	1
Pseudom_puti_NBRC_14164_GCF_000412675_1	Pseudomonas putida	1
Pseudom_puti_ND6_GCF_000264665_3	Pseudomonas putida	1
Pseudom_puti_S12_GCF_000495455_2	Pseudomonas putida	1
Pseudom_puti_S13_1_2_GCF_000498395_2	Pseudomonas putida	1
Pseudom_puti_S16_GCF_000219705_1	Pseudomonas putida	1
Pseudom_puti_SJTE_1_GCF_000271965_2	Pseudomonas putida	1
Pseudom_rho_GCF_013285305_1	Pseudomonas rhodesiae	1
Pseudom_rho_GCF_018417555_1	Pseudomonas rhodesiae	1
Pseudom_rho_GCF_018417575_1	Pseudomonas rhodesiae	1
Pseudom_rho_GCF_900105575_1	Pseudomonas rhodesiae	1
Pseudom_sav_GCF_014855475_1	Pseudomonas savastanoi	1
Pseudom_sav_GCF_020917325_1	Pseudomonas savastanoi	1
Pseudom_sav_pv_phaseolicola_1448A_GCF_000012205_1	Pseudomonas savastanoi	1
Pseudom_sav_pv_savastanoi_GCF_022026035_1	Pseudomonas savastanoi	1
Pseudom_sav_pv_savastanoi_NCPPB_3335_GCF_000164015_3	Pseudomonas savastanoi	1
Pseudom_ses_GCF_003850565_1	Pseudomonas sessilinigenes	1
Pseudom_ses_GCF_019139855_1	Pseudomonas sessilinigenes	1
Pseudom_simiae_GCF_000698265_1	Pseudomonas simiae	1
Pseudom_simiae_GCF_000934565_1	Pseudomonas simiae	1
Pseudom_simiae_GCF_000963495_1	Pseudomonas simiae	1
Pseudom_simiae_GCF_016134935_2	Pseudomonas simiae	1
Pseudom_stu_A1501_GCF_000013785_1	Pseudomonas stutzeri	1
Pseudom_stu_CCUG_29243_GCF_000267545_1	Pseudomonas stutzeri	1
Pseudom_stu_DSM_10701_GCF_000279165_1	Pseudomonas stutzeri	1
Pseudom_stu_DSM_4166_GCF_000195105_1	Pseudomonas stutzeri	1
Pseudom_stu_GCF_000219605_1	Pseudomonas stutzeri	1
Pseudom_stu_GCF_000590475_1	Pseudomonas stutzeri	1
Pseudom_stu_GCF_000661915_1	Pseudomonas stutzeri	1
Pseudom_stu_GCF_001038645_1	Pseudomonas stutzeri	1
Pseudom_stu_GCF_001648195_1	Pseudomonas stutzeri	1
Pseudom_stu_GCF_003001655_1	Pseudomonas stutzeri	1
Pseudom_stu_GCF_003008495_1	Pseudomonas stutzeri	1
Pseudom_stu_GCF_003047145_2	Pseudomonas stutzeri	1
Pseudom_stu_GCF_005844005_1	Pseudomonas stutzeri	1
Pseudom_stu_GCF_009740185_1	Pseudomonas stutzeri	1
Pseudom_stu_GCF_009789555_1	Pseudomonas stutzeri	1
Pseudom_stu_GCF_015291885_1	Pseudomonas stutzeri	1
Pseudom_stu_GCF_015680045_1	Pseudomonas stutzeri	1
Pseudom_stu_GCF_016028515_1	Pseudomonas stutzeri	1
Pseudom_stu_GCF_016028635_1	Pseudomonas stutzeri	1
Pseudom_stu_GCF_016028655_1	Pseudomonas stutzeri	1
Pseudom_stu_GCF_016127795_1	Pseudomonas stutzeri	1
Pseudom_stu_GCF_017577085_1	Pseudomonas stutzeri	1
Pseudom_stu_GCF_018138085_1	Pseudomonas stutzeri	1
Pseudom_stu_GCF_019203165_1	Pseudomonas stutzeri	1
Pseudom_stu_GCF_019264725_1	Pseudomonas stutzeri	1
Pseudom_stu_GCF_019704535_1	Pseudomonas stutzeri	1
Pseudom_stu_GCF_021610005_1	Pseudomonas stutzeri	1
Pseudom_stu_GCF_900636845_1	Pseudomonas stutzeri	1
Pseudom_stu_GCF_900638035_1	Pseudomonas stutzeri	1
Pseudom_stu_RCH2_GCF_000327065_1	Pseudomonas stutzeri	1
Pseudom_syn_BG33R_GCF_000263715_2	Pseudomonas synxantha	1
Pseudom_syn_GCF_000968415_2	Pseudomonas synxantha	1
Pseudom_syn_GCF_001602175_1	Pseudomonas synxantha	1
Pseudom_syn_GCF_003851465_1	Pseudomonas synxantha	1
Pseudom_syn_GCF_003851495_1	Pseudomonas synxantha	1
Pseudom_syn_GCF_003851525_1	Pseudomonas synxantha	1
Pseudom_syn_GCF_003851555_1	Pseudomonas synxantha	1
Pseudom_syn_GCF_003852025_1	Pseudomonas synxantha	1
Pseudom_syn_GCF_900105675_1	Pseudomonas synxantha	1
Pseudom_syn_GCF_900497645_1	Pseudomonas synxantha	1
Pseudom_syn_GCF_901482615_1	Pseudomonas synxantha	1
Pseudom_syr_CC1557_GCF_000452705_1	Pseudomonas syringae	1
Pseudom_syr_Cit_7_GCF_000145825_2	Pseudomonas syringae	1
Pseudom_syr_GCF_004323795_1	Pseudomonas syringae	1
Pseudom_syr_GCF_014524645_1	Pseudomonas syringae	1
Pseudom_syr_GCF_016694755_2	Pseudomonas syringae	1
Pseudom_syr_GCF_018388485_1	Pseudomonas syringae	1
Pseudom_syr_GCF_018388505_1	Pseudomonas syringae	1
Pseudom_syr_GCF_018388525_1	Pseudomonas syringae	1
Pseudom_syr_GCF_018394375_1	Pseudomonas syringae	1
Pseudom_syr_GCF_018604405_1	Pseudomonas syringae	1
Pseudom_syr_GCF_900105295_1	Pseudomonas syringae	1
Pseudom_syr_GCF_900235815_1	Pseudomonas syringae	1
Pseudom_syr_GCF_900289125_1	Pseudomonas syringae	1
Pseudom_syr_UB303_GCF_000452565_2	Pseudomonas syringae	1
Pseudom_syr_UMAF0158_GCF_001281365_1	Pseudomonas syringae	1
Pseudom_syr_USA011_GCF_000452525_3	Pseudomonas syringae	1
Pseudom_syr_pv_actinidiae_GCF_001913215_1	Pseudomonas syringae	1
Pseudom_syr_pv_actinidiae_GCF_001913235_1	Pseudomonas syringae	1
Pseudom_syr_pv_actinidiae_GCF_002024285_1	Pseudomonas syringae	1
Pseudom_syr_pv_actinidiae_GCF_002024305_1	Pseudomonas syringae	1
Pseudom_syr_pv_actinidiae_GCF_002763655_1	Pseudomonas syringae	1
Pseudom_syr_pv_actinidiae_GCF_003665415_1	Pseudomonas syringae	1
Pseudom_syr_pv_actinidiae_ICMP_18708_GCF_000344355_2	Pseudomonas syringae	1
Pseudom_syr_pv_actinidiae_ICMP_18884_GCF_000648735_3	Pseudomonas syringae	1
Pseudom_syr_pv_actinidiae_ICMP_9617_GCF_000658965_1	Pseudomonas syringae	1
Pseudom_syr_pv_actinidiae_ICMP_9853_GCF_000344335_2	Pseudomonas syringae	1
Pseudom_syr_pv_actinidiae_Shaanxi_M228_GCF_000344475_3	Pseudomonas syringae	1
Pseudom_syr_pv_atrofaciens_GCF_003047185_1	Pseudomonas syringae	1
Pseudom_syr_pv_avii_GCF_900235835_1	Pseudomonas syringae	1
Pseudom_syr_pv_cerasicola_GCF_900235885_1	Pseudomonas syringae	1
Pseudom_syr_pv_lapsa_GCF_001482725_1	Pseudomonas syringae	1
Pseudom_syr_pv_pisi_PP1_GCF_000452445_2	Pseudomonas syringae	1
Pseudom_syr_pv_syringae_B301D_GCF_000988485_1	Pseudomonas syringae	1
Pseudom_syr_pv_syringae_B64_GCF_000331385_1	Pseudomonas syringae	1
Pseudom_syr_pv_syringae_B728a_GCF_000012245_1	Pseudomonas syringae	1
Pseudom_syr_pv_syringae_GCF_002905815_2	Pseudomonas syringae	1
Pseudom_syr_pv_syringae_GCF_900235825_1	Pseudomonas syringae	1
Pseudom_syr_pv_syringae_GCF_900235865_1	Pseudomonas syringae	1
Pseudom_syr_pv_syringae_HS191_GCF_000988395_1	Pseudomonas syringae	1
Pseudom_syr_pv_syringae_SM_GCF_000412165_1	Pseudomonas syringae	1
Pseudom_tae_GCF_900475285_1	Pseudomonas taetrolens	1
Pseudom_tae_GCF_900637735_1	Pseudomonas taetrolens	1
Pseudom_thiv_GCF_003293325_1	Pseudomonas thivervalensis	1
Pseudom_thiv_GCF_003293395_1	Pseudomonas thivervalensis	1
Pseudom_thiv_GCF_900102295_1	Pseudomonas thivervalensis	1
Pseudom_tol_GCF_002072675_1	Pseudomonas tolaasii	1
Pseudom_tol_GCF_019285655_1	Pseudomonas tolaasii	1
Pseudom_triv_GCF_001186335_1	Pseudomonas trivialis	1
Pseudom_triv_GCF_900104885_1	Pseudomonas trivialis	1
Pseudom_ums_GCF_008824165_1	Pseudomonas umsongensis	1
Pseudom_ums_GCF_012647205_1	Pseudomonas umsongensis	1
Pseudom_ums_GCF_900105285_1	Pseudomonas umsongensis	1
Pseudom_vero_GCF_002028325_1	Pseudomonas veronii	1
Pseudom_vero_GCF_004919535_4	Pseudomonas veronii	1
Pseudom_vero_GCF_021233455_1	Pseudomonas veronii	1
Pseudom_vero_GCF_903970695_1	Pseudomonas veronii	1
Pseudom_vir_GCF_018388545_1	Pseudomonas viridiflava	1
Pseudom_vir_GCF_019104005_1	Pseudomonas viridiflava	1
Pseudom_vir_GCF_019104025_1	Pseudomonas viridiflava	1
Pseudom_vir_GCF_019104045_1	Pseudomonas viridiflava	1
Pseudom_vir_GCF_019104065_1	Pseudomonas viridiflava	1
Pseudom_vir_GCF_019104085_1	Pseudomonas viridiflava	1
Pseudom_vir_GCF_900184295_1	Pseudomonas viridiflava	1
Pseudom_yam_GCF_001612705_2	Pseudomonas yamanorum	1
Pseudom_yam_GCF_013403585_1	Pseudomonas yamanorum	1
Pseudom_yam_GCF_900105735_1	Pseudomonas yamanorum	1
Rah_aquatil_CIP_78_65_ATCC_33071_GCF_000241955_1	Rahnella aquatilis	1
Rah_inu_GCF_018288855_1	Rahnella inusitata	1
Rah_vic_GCF_021276285_1	Rahnella victoriana	1
Rao_ele_GCF_006711645_1	Raoultella electrica	1
Rao_terri_GCF_012029655_1	Raoultella terrigena	1
Rou_bad_GCF_011067265_1	Rouxiella badensis	1
Sali_kus_GCF_005280275_1	Salinivibrio kushneri	1
Salm_bon_N268_08_GCF_000439255_1	Salmonella bongori	1
Salm_enterica_enterica_Typhimurium_LT2	Salmonella enterica	1
Sc_goe_GCF_003935895_2	Scandinavium goeteborgense	1
Se_fic_GCF_900187015_1	Serratia ficaria	1
Se_fontic_GCF_001006005_1	Serratia fonticola	1
Se_grime_GCF_900186025_1	Serratia grimesii	1
Se_inh_PRI_2C_GCF_000261045_2	Serratia inhibens	1
Se_liq_GCF_008364325_2	Serratia liquefaciens	1
Se_ply_AS9_GCF_000214235_1	Serratia plymuthica	1
Se_rhizos_GCF_009817885_1	Serratia rhizosphaerae	1
Se_rubi_GCF_016026735_1	Serratia rubidaea	1
Se_sym_GCF_009831665_3	Serratia symbiotica	1
She_GCF_002215585_1	Shewanella marisflavi	1
She_GCF_006494755_1	Shewanella marisflavi	1
She_algae_GCF_017570225_1	Shewanella algae	1
She_balt_BA175_GCF_000147735_2	Shewanella baltica	1
She_balt_GCF_003030925_1	Shewanella baltica	1
She_balt_GCF_003052765_1	Shewanella baltica	1
She_balt_GCF_900636855_1	Shewanella baltica	1
She_balt_OS117_GCF_000215895_1	Shewanella baltica	1
She_balt_OS155_GCF_000015845_1	Shewanella baltica	1
She_balt_OS183_GCF_000179535_2	Shewanella baltica	1
She_balt_OS185_GCF_000017325_1	Shewanella baltica	1
She_balt_OS195_GCF_000018765_1	Shewanella baltica	1
She_balt_OS223_GCF_000021665_1	Shewanella baltica	1
She_balt_OS678_GCF_000178875_2	Shewanella baltica	1
She_cyp_GCF_017354925_1	Shewanella cyperi	1
She_cyp_GCF_017354985_1	Shewanella cyperi	1
She_dec_GCF_004354305_1	Shewanella decolorationis	1
She_dec_GCF_007923045_3	Shewanella decolorationis	1
She_one_MR_1_GCF_000146165_2	Shewanella oneidensis	1
She_one_MR_1_GCF_013267215_1	Shewanella oneidensis	1
She_putr_GCF_002157365_2	Shewanella putrefaciens	1
She_putr_GCF_003044255_1	Shewanella putrefaciens	1
She_putr_GCF_009730575_1	Shewanella putrefaciens	1
She_putr_GCF_016406305_1	Shewanella putrefaciens	1
She_putr_GCF_016406325_1	Shewanella putrefaciens	1
She_putr_GCF_017068195_1	Shewanella putrefaciens	1
She_putr_GCF_019599085_1	Shewanella putrefaciens	1
She_putr_GCF_019599125_1	Shewanella putrefaciens	1
She_putr_GCF_900636665_1	Shewanella putrefaciens	1
She_xia_GCF_019973655_1	Shewanella xiamenensis	1
She_xia_GCF_022453805_1	Shewanella xiamenensis	1
Shig_fle_2a_301	Shigella flexneri	1
Shig_son_GCF_013374815_1	Shigella sonnei	1
Shim_bla_DSM_4481_NBRC_105725_GCF_000262305_1	Shimwellia blattae	1
So_pra_GCF_000517425_1	Sodalis praecaptivus	1
Tatl_micd_GCF_000953635_1	Tatlockia micdadei	1
Tatu_citrea_GCF_002163605_1	Tatumella citrea	1
Thau_subtr_GCF_019703835_1	Thaumasiovibrio subtropicus	1
Thiop_alkalip_GCF_001267175_1	Thiopseudomonas alkaliphila	1
Thiop_alkalip_GCF_001267195_1	Thiopseudomonas alkaliphila	1
Thiop_alkalip_GCF_001267215_1	Thiopseudomonas alkaliphila	1
Thiop_alkalip_GCF_001267255_1	Thiopseudomonas alkaliphila	1
Thiop_alkalip_GCF_001267275_1	Thiopseudomonas alkaliphila	1
Thiop_alkalip_GCF_001267295_1	Thiopseudomonas alkaliphila	1
Thiop_alkalip_GCF_001267315_1	Thiopseudomonas alkaliphila	1
To_aue_DSM_9187_GCF_000023065_1	Tolumonas auensis	1
Ve_pul_GCF_013377275_1	Vespertiliibacter pulmonis	1
Vi_algi_GCF_009601765_2	Vibrio algicola	1
Vi_ang_GCF_003390675_1	Vibrio anguillarum	1
Vi_aphrog_GCF_002157735_2	Vibrio aphrogenes	1
Vi_aqui_GCF_009363415_1	Vibrio aquimaris	1
Vi_ast_GCF_010587385_1	Vibrio astriarenae	1
Vi_atlanticus_GCF_000091465_1	Vibrio atlanticus	1
Vi_azu_GCF_002849855_1	Vibrio azureus	1
Vi_bat_GCF_014879975_1	Vibrio bathopelagicus	1
Vi_cho_GCF_008369605_1	Vibrio cholerae	1
Vi_cora_GCF_000967465_2	Vibrio coralliilyticus	1
Vi_cyclit_GCF_005144905_1	Vibrio cyclitrophicus	1
Vi_gaz_GCF_002196515_1	Vibrio gazogenes	1
Vi_kan_GCF_001995825_2	Vibrio kanaloae	1
Vi_mets_GCF_009763765_1	Vibrio metschnikovii	1
Vi_nav_GCF_012275065_1	Vibrio navarrensis	1
Vi_pen_GCF_019977755_1	Vibrio penaeicida	1
Vi_qin_GCF_002257545_1	Vibrio qinghaiensis	1
Vi_rum_GCF_002218045_2	Vibrio rumoiensis	1
Vi_spar_GCF_014083925_1	Vibrio spartinae	1
Vi_trit_GCF_001547935_1	Vibrio tritonius	1
Vi_tubi_ATCC_19109_GCF_000772105_1	Vibrio tubiashii	1
Vi_vulni_GCF_002204915_1	Vibrio vulnificus	1
Vi_zhug_GCF_003716875_1	Vibrio zhugei	1
Vi_zin_GCF_011064285_1	Vibrio ziniensis	1
Xe_bovie_SS_2004_GCF_000027225_1	Xenorhabdus bovienii	1
Xe_dou_GCF_000968195_1	Xenorhabdus doucetiae	1
Xe_hominic_GCF_001721185_1	Xenorhabdus hominickii	1
Xe_nematop_GCF_014295015_1	Xenorhabdus nematophila	1
Xe_poi_G6_GCF_000968175_1	Xenorhabdus poinarii	1
Y_ald_670_83_GCF_000834395_1	Yersinia aldovae	1
Y_cana_GCF_009831415_1	Yersinia canariae	1
Y_entomopha_GCF_001656035_1	Yersinia entomophaga	1
Y_hib_GCF_004124235_1	Yersinia hibernica	1
Y_inter_GCF_009730055_1	Yersinia intermedia	1
Y_mol_ATCC_43969_GCF_013282725_1	Yersinia mollaretii	1
Y_pes_A1122_GCF_000222975_1	Yersinia pestis	1
Y_pseudot_IP_32953_GCF_000834295_1	Yersinia pseudotuberculosis	1
Y_roc_GCF_003600645_1	Yersinia rochesterensis	1
Y_roh_GCF_000834455_1	Yersinia rohdei	1
Y_ruc_GCF_017498685_1	Yersinia ruckeri	1
Y_simil_GCF_000582515_1	Yersinia similis	1
Zob_den_GCF_002407485_1	Zobellella denitrificans	1
Zop_entericus_GCF_011745665_1	Zophobihabitans entericus	1
Aerom_all_GCF_016026615_1	Aeromonas allosaccharophila	2
Aerom_dha_GCF_020405345_1	Aeromonas dhakensis	2
Aerom_jan_GCF_016127195_1	Aeromonas jandaei	2
Aerom_simiae_GCF_014892695_1	Aeromonas simiae	2
Aerom_vero_GCF_008693705_1	Aeromonas veronii	2
Ag_aphrop_ATCC_33389_GCF_900636915_1	Aggregatibacter aphrophilus	2
Ag_seg_ATCC_33393_GCF_900476035_1	Aggregatibacter segnis	2
Av_parag_GCF_011765605_1	Avibacterium paragallinarum	2
Av_vol_GCF_900635775_1	Avibacterium volantium	2
Bac_subti_subtilis_168	Bacillus subtilis	2
Don_marina_GCF_003072645_1	Dongshaea marina	2
Ed_ang_ET080813_GCF_000264765_2	Edwardsiella anguillarum	2
Ed_hos_GCF_016026395_1	Edwardsiella hoshinae	2
Ed_ict_GCF_003074995_2	Edwardsiella ictaluri	2
Ed_tar_GCF_002504285_1	Edwardsiella tarda	2
Hae_pittm_GCF_900186995_1	Haemophilus pittmaniae	2
Haf_alv_GCF_011617105_1	Hafnia alvei	2
Je_caly_GCF_005671395_1	Jejubacter calystegiae	2
Ji_zhut_GCF_004295645_1	Jinshanibacter zhutongyuii	2
Lec_adec_GCF_001518835_1	Leclercia adecarboxylata	2
Lem_ric_GCF_900478135_1	Leminorella richardii	2
Lim_parv_GCF_003096015_2	Limnobaculum parvum	2
Morg_morg_GCF_902387845_1	Morganella morganii	2
Pra_fontium_GCF_900638655_1	Pragia fontium	2
Prot_hau_GCF_004116975_1	Proteus hauseri	2
Prot_mir_HI4320_GCF_000069965_1	Proteus mirabilis	2
Prot_terrae_cibarius_GCF_011045835_1	Proteus terrae	2
Prov_alcalif_GCF_002393505_1	Providencia alcalifaciens	2
Pseudom_aeru_B136_33_GCF_000359505_1	Pseudomonas aeruginosa	2
Pseudom_aeru_C_NN2_GCF_900185255_1	Pseudomonas aeruginosa	2
Pseudom_aeru_DHS01_GCF_000496455_2	Pseudomonas aeruginosa	2
Pseudom_aeru_DK1_GCF_900069025_1	Pseudomonas aeruginosa	2
Pseudom_aeru_DK2_GCF_000271365_1	Pseudomonas aeruginosa	2
Pseudom_aeru_DSM_50071_NBRC_12689_GCF_001045685_1	Pseudomonas aeruginosa	2
Pseudom_aeru_GCF_000763245_3	Pseudomonas aeruginosa	2
Pseudom_aeru_GCF_000816985_1	Pseudomonas aeruginosa	2
Pseudom_aeru_GCF_000829255_1	Pseudomonas aeruginosa	2
Pseudom_aeru_GCF_000829275_1	Pseudomonas aeruginosa	2
Pseudom_aeru_GCF_000829885_1	Pseudomonas aeruginosa	2
Pseudom_aeru_GCF_000981825_1	Pseudomonas aeruginosa	2
Pseudom_aeru_GCF_001077475_1	Pseudomonas aeruginosa	2
Pseudom_aeru_GCF_001293085_1	Pseudomonas aeruginosa	2
Pseudom_aeru_GCF_001447845_1	Pseudomonas aeruginosa	2
Pseudom_aeru_GCF_001457615_1	Pseudomonas aeruginosa	2
Pseudom_aeru_GCF_001482325_1	Pseudomonas aeruginosa	2
Pseudom_aeru_GCF_001515845_2	Pseudomonas aeruginosa	2
Pseudom_aeru_GCF_001515915_2	Pseudomonas aeruginosa	2
Pseudom_aeru_GCF_001516005_1	Pseudomonas aeruginosa	2
Pseudom_aeru_GCF_001516105_1	Pseudomonas aeruginosa	2
Pseudom_aeru_GCF_001516165_2	Pseudomonas aeruginosa	2
Pseudom_aeru_GCF_001516185_2	Pseudomonas aeruginosa	2
Pseudom_aeru_GCF_001516225_2	Pseudomonas aeruginosa	2
Pseudom_aeru_GCF_001516245_2	Pseudomonas aeruginosa	2
Pseudom_aeru_GCF_001516265_1	Pseudomonas aeruginosa	2
Pseudom_aeru_GCF_001516305_2	Pseudomonas aeruginosa	2
Pseudom_aeru_GCF_001516325_2	Pseudomonas aeruginosa	2
Pseudom_aeru_GCF_001516345_1	Pseudomonas aeruginosa	2
Pseudom_aeru_GCF_001516385_1	Pseudomonas aeruginosa	2
Pseudom_aeru_GCF_001518975_1	Pseudomonas aeruginosa	2
Pseudom_aeru_GCF_001542795_2	Pseudomonas aeruginosa	2
Pseudom_aeru_GCF_001542835_1	Pseudomonas aeruginosa	2
Pseudom_aeru_GCF_001547955_1	Pseudomonas aeruginosa	2
Pseudom_aeru_GCF_001548135_1	Pseudomonas aeruginosa	2
Pseudom_aeru_GCF_001548335_1	Pseudomonas aeruginosa	2
Pseudom_aeru_GCF_001594325_2	Pseudomonas aeruginosa	2
Pseudom_aeru_GCF_001606045_1	Pseudomonas aeruginosa	2
Pseudom_aeru_GCF_001618925_1	Pseudomonas aeruginosa	2
Pseudom_aeru_GCF_001632245_1	Pseudomonas aeruginosa	2
Pseudom_aeru_GCF_001679685_1	Pseudomonas aeruginosa	2
Pseudom_aeru_GCF_001687285_1	Pseudomonas aeruginosa	2
Pseudom_aeru_GCF_001721745_1	Pseudomonas aeruginosa	2
Pseudom_aeru_GCF_001721765_1	Pseudomonas aeruginosa	2
Pseudom_aeru_GCF_001721785_1	Pseudomonas aeruginosa	2
Pseudom_aeru_GCF_001721805_1	Pseudomonas aeruginosa	2
Pseudom_aeru_GCF_001721825_1	Pseudomonas aeruginosa	2
Pseudom_aeru_GCF_001721845_1	Pseudomonas aeruginosa	2
Pseudom_aeru_GCF_001722005_2	Pseudomonas aeruginosa	2
Pseudom_aeru_GCF_001722025_1	Pseudomonas aeruginosa	2
Pseudom_aeru_GCF_001722045_1	Pseudomonas aeruginosa	2
Pseudom_aeru_GCF_001729505_1	Pseudomonas aeruginosa	2
Pseudom_aeru_GCF_001750705_1	Pseudomonas aeruginosa	2
Pseudom_aeru_GCF_001792835_1	Pseudomonas aeruginosa	2
Pseudom_aeru_GCF_001792855_1	Pseudomonas aeruginosa	2
Pseudom_aeru_GCF_001792875_1	Pseudomonas aeruginosa	2
Pseudom_aeru_GCF_001870265_1	Pseudomonas aeruginosa	2
Pseudom_aeru_GCF_001874465_1	Pseudomonas aeruginosa	2
Pseudom_aeru_GCF_001879525_1	Pseudomonas aeruginosa	2
Pseudom_aeru_GCF_001900195_1	Pseudomonas aeruginosa	2
Pseudom_aeru_GCF_001900225_1	Pseudomonas aeruginosa	2
Pseudom_aeru_GCF_001900265_1	Pseudomonas aeruginosa	2
Pseudom_aeru_GCF_002075065_1	Pseudomonas aeruginosa	2
Pseudom_aeru_GCF_002085605_1	Pseudomonas aeruginosa	2
Pseudom_aeru_GCF_002085755_1	Pseudomonas aeruginosa	2
Pseudom_aeru_GCF_002104595_1	Pseudomonas aeruginosa	2
Pseudom_aeru_GCF_002104615_1	Pseudomonas aeruginosa	2
Pseudom_aeru_GCF_002192475_1	Pseudomonas aeruginosa	2
Pseudom_aeru_GCF_002192495_1	Pseudomonas aeruginosa	2
Pseudom_aeru_GCF_002205335_1	Pseudomonas aeruginosa	2
Pseudom_aeru_GCF_002205375_1	Pseudomonas aeruginosa	2
Pseudom_aeru_GCF_002208645_1	Pseudomonas aeruginosa	2
Pseudom_aeru_GCF_002215345_1	Pseudomonas aeruginosa	2
Pseudom_aeru_GCF_002223805_1	Pseudomonas aeruginosa	2
Pseudom_aeru_GCF_002237405_1	Pseudomonas aeruginosa	2
Pseudom_aeru_GCF_002237425_1	Pseudomonas aeruginosa	2
Pseudom_aeru_GCF_002287725_2	Pseudomonas aeruginosa	2
Pseudom_aeru_GCF_002411865_3	Pseudomonas aeruginosa	2
Pseudom_aeru_GCF_002442855_1	Pseudomonas aeruginosa	2
Pseudom_aeru_GCF_002753655_1	Pseudomonas aeruginosa	2
Pseudom_aeru_GCF_002812825_1	Pseudomonas aeruginosa	2
Pseudom_aeru_GCF_002812845_1	Pseudomonas aeruginosa	2
Pseudom_aeru_GCF_002812865_1	Pseudomonas aeruginosa	2
Pseudom_aeru_GCF_002812885_1	Pseudomonas aeruginosa	2
Pseudom_aeru_GCF_002812905_2	Pseudomonas aeruginosa	2
Pseudom_aeru_GCF_002812925_2	Pseudomonas aeruginosa	2
Pseudom_aeru_GCF_002946935_1	Pseudomonas aeruginosa	2
Pseudom_aeru_GCF_002968515_1	Pseudomonas aeruginosa	2
Pseudom_aeru_GCF_002968585_1	Pseudomonas aeruginosa	2
Pseudom_aeru_GCF_002968655_1	Pseudomonas aeruginosa	2
Pseudom_aeru_GCF_002968695_1	Pseudomonas aeruginosa	2
Pseudom_aeru_GCF_002968755_1	Pseudomonas aeruginosa	2
Pseudom_aeru_GCF_002968955_1	Pseudomonas aeruginosa	2
Pseudom_aeru_GCF_002997005_1	Pseudomonas aeruginosa	2
Pseudom_aeru_GCF_003025345_2	Pseudomonas aeruginosa	2
Pseudom_aeru_GCF_003028335_1	Pseudomonas aeruginosa	2
Pseudom_aeru_GCF_003052005_2	Pseudomonas aeruginosa	2
Pseudom_aeru_GCF_003060845_1	Pseudomonas aeruginosa	2
Pseudom_aeru_GCF_003073615_1	Pseudomonas aeruginosa	2
Pseudom_aeru_GCF_003073695_1	Pseudomonas aeruginosa	2
Pseudom_aeru_GCF_003073735_1	Pseudomonas aeruginosa	2
Pseudom_aeru_GCF_003073795_1	Pseudomonas aeruginosa	2
Pseudom_aeru_GCF_003073895_1	Pseudomonas aeruginosa	2
Pseudom_aeru_GCF_003193645_1	Pseudomonas aeruginosa	2
Pseudom_aeru_GCF_003194245_1	Pseudomonas aeruginosa	2
Pseudom_aeru_GCF_003204335_1	Pseudomonas aeruginosa	2
Pseudom_aeru_GCF_003206535_1	Pseudomonas aeruginosa	2
Pseudom_aeru_GCF_003288335_1	Pseudomonas aeruginosa	2
Pseudom_aeru_GCF_003288435_1	Pseudomonas aeruginosa	2
Pseudom_aeru_GCF_003319235_1	Pseudomonas aeruginosa	2
Pseudom_aeru_GCF_003332705_2	Pseudomonas aeruginosa	2
Pseudom_aeru_GCF_003369735_1	Pseudomonas aeruginosa	2
Pseudom_aeru_GCF_003369755_1	Pseudomonas aeruginosa	2
Pseudom_aeru_GCF_003369775_1	Pseudomonas aeruginosa	2
Pseudom_aeru_GCF_003408495_1	Pseudomonas aeruginosa	2
Pseudom_aeru_GCF_003411785_2	Pseudomonas aeruginosa	2
Pseudom_aeru_GCF_003429185_1	Pseudomonas aeruginosa	2
Pseudom_aeru_GCF_003429205_1	Pseudomonas aeruginosa	2
Pseudom_aeru_GCF_003433235_1	Pseudomonas aeruginosa	2
Pseudom_aeru_GCF_003571505_1	Pseudomonas aeruginosa	2
Pseudom_aeru_GCF_003571805_1	Pseudomonas aeruginosa	2
Pseudom_aeru_GCF_003626935_1	Pseudomonas aeruginosa	2
Pseudom_aeru_GCF_003641125_1	Pseudomonas aeruginosa	2
Pseudom_aeru_GCF_003716765_1	Pseudomonas aeruginosa	2
Pseudom_aeru_GCF_003798105_1	Pseudomonas aeruginosa	2
Pseudom_aeru_GCF_003798125_1	Pseudomonas aeruginosa	2
Pseudom_aeru_GCF_003798145_1	Pseudomonas aeruginosa	2
Pseudom_aeru_GCF_003812165_1	Pseudomonas aeruginosa	2
Pseudom_aeru_GCF_003812885_1	Pseudomonas aeruginosa	2
Pseudom_aeru_GCF_003812905_1	Pseudomonas aeruginosa	2
Pseudom_aeru_GCF_003813005_1	Pseudomonas aeruginosa	2
Pseudom_aeru_GCF_003813025_1	Pseudomonas aeruginosa	2
Pseudom_aeru_GCF_003950015_1	Pseudomonas aeruginosa	2
Pseudom_aeru_GCF_003950255_1	Pseudomonas aeruginosa	2
Pseudom_aeru_GCF_003952325_1	Pseudomonas aeruginosa	2
Pseudom_aeru_GCF_003957825_1	Pseudomonas aeruginosa	2
Pseudom_aeru_GCF_003991465_1	Pseudomonas aeruginosa	2
Pseudom_aeru_GCF_004010895_1	Pseudomonas aeruginosa	2
Pseudom_aeru_GCF_004014755_1	Pseudomonas aeruginosa	2
Pseudom_aeru_GCF_004102665_1	Pseudomonas aeruginosa	2
Pseudom_aeru_GCF_004193735_1	Pseudomonas aeruginosa	2
Pseudom_aeru_GCF_004291075_1	Pseudomonas aeruginosa	2
Pseudom_aeru_GCF_004355125_1	Pseudomonas aeruginosa	2
Pseudom_aeru_GCF_004355145_1	Pseudomonas aeruginosa	2
Pseudom_aeru_GCF_005305005_1	Pseudomonas aeruginosa	2
Pseudom_aeru_GCF_006364735_1	Pseudomonas aeruginosa	2
Pseudom_aeru_GCF_006364795_1	Pseudomonas aeruginosa	2
Pseudom_aeru_GCF_006704595_2	Pseudomonas aeruginosa	2
Pseudom_aeru_GCF_006971785_1	Pseudomonas aeruginosa	2
Pseudom_aeru_GCF_007559065_1	Pseudomonas aeruginosa	2
Pseudom_aeru_GCF_007559085_1	Pseudomonas aeruginosa	2
Pseudom_aeru_GCF_007559105_1	Pseudomonas aeruginosa	2
Pseudom_aeru_GCF_007559125_1	Pseudomonas aeruginosa	2
Pseudom_aeru_GCF_007833895_1	Pseudomonas aeruginosa	2
Pseudom_aeru_GCF_008033725_1	Pseudomonas aeruginosa	2
Pseudom_aeru_GCF_008033745_1	Pseudomonas aeruginosa	2
Pseudom_aeru_GCF_008033765_1	Pseudomonas aeruginosa	2
Pseudom_aeru_GCF_008195485_1	Pseudomonas aeruginosa	2
Pseudom_aeru_GCF_008245185_1	Pseudomonas aeruginosa	2
Pseudom_aeru_GCF_008705235_1	Pseudomonas aeruginosa	2
Pseudom_aeru_GCF_009497675_1	Pseudomonas aeruginosa	2
Pseudom_aeru_GCF_009648875_1	Pseudomonas aeruginosa	2
Pseudom_aeru_GCF_009662315_1	Pseudomonas aeruginosa	2
Pseudom_aeru_GCF_009664165_1	Pseudomonas aeruginosa	2
Pseudom_aeru_GCF_009676765_1	Pseudomonas aeruginosa	2
Pseudom_aeru_GCF_009676785_1	Pseudomonas aeruginosa	2
Pseudom_aeru_GCF_009676885_1	Pseudomonas aeruginosa	2
Pseudom_aeru_GCF_009720405_1	Pseudomonas aeruginosa	2
Pseudom_aeru_GCF_009720425_1	Pseudomonas aeruginosa	2
Pseudom_aeru_GCF_009867055_1	Pseudomonas aeruginosa	2
Pseudom_aeru_GCF_009905195_1	Pseudomonas aeruginosa	2
Pseudom_aeru_GCF_009911735_1	Pseudomonas aeruginosa	2
Pseudom_aeru_GCF_011045375_1	Pseudomonas aeruginosa	2
Pseudom_aeru_GCF_011106815_1	Pseudomonas aeruginosa	2
Pseudom_aeru_GCF_011466835_1	Pseudomonas aeruginosa	2
Pseudom_aeru_GCF_012276675_1	Pseudomonas aeruginosa	2
Pseudom_aeru_GCF_012935295_1	Pseudomonas aeruginosa	2
Pseudom_aeru_GCF_012971705_1	Pseudomonas aeruginosa	2
Pseudom_aeru_GCF_013201095_1	Pseudomonas aeruginosa	2
Pseudom_aeru_GCF_013201115_1	Pseudomonas aeruginosa	2
Pseudom_aeru_GCF_013255565_1	Pseudomonas aeruginosa	2
Pseudom_aeru_GCF_013260445_1	Pseudomonas aeruginosa	2
Pseudom_aeru_GCF_013305645_2	Pseudomonas aeruginosa	2
Pseudom_aeru_GCF_013305765_1	Pseudomonas aeruginosa	2
Pseudom_aeru_GCF_013305815_1	Pseudomonas aeruginosa	2
Pseudom_aeru_GCF_013305845_1	Pseudomonas aeruginosa	2
Pseudom_aeru_GCF_013341295_1	Pseudomonas aeruginosa	2
Pseudom_aeru_GCF_013341315_1	Pseudomonas aeruginosa	2
Pseudom_aeru_GCF_013343315_1	Pseudomonas aeruginosa	2
Pseudom_aeru_GCF_013343335_1	Pseudomonas aeruginosa	2
Pseudom_aeru_GCF_013343355_1	Pseudomonas aeruginosa	2
Pseudom_aeru_GCF_013343375_1	Pseudomonas aeruginosa	2
Pseudom_aeru_GCF_013343395_1	Pseudomonas aeruginosa	2
Pseudom_aeru_GCF_013343415_1	Pseudomonas aeruginosa	2
Pseudom_aeru_GCF_013343435_1	Pseudomonas aeruginosa	2
Pseudom_aeru_GCF_013343455_1	Pseudomonas aeruginosa	2
Pseudom_aeru_GCF_013343475_1	Pseudomonas aeruginosa	2
Pseudom_aeru_GCF_013343495_1	Pseudomonas aeruginosa	2
Pseudom_aeru_GCF_013343515_1	Pseudomonas aeruginosa	2
Pseudom_aeru_GCF_013343535_1	Pseudomonas aeruginosa	2
Pseudom_aeru_GCF_013343555_1	Pseudomonas aeruginosa	2
Pseudom_aeru_GCF_013343575_1	Pseudomonas aeruginosa	2
Pseudom_aeru_GCF_013347245_1	Pseudomonas aeruginosa	2
Pseudom_aeru_GCF_013376775_1	Pseudomonas aeruginosa	2
Pseudom_aeru_GCF_013393665_2	Pseudomonas aeruginosa	2
Pseudom_aeru_GCF_013393685_1	Pseudomonas aeruginosa	2
Pseudom_aeru_GCF_013393705_1	Pseudomonas aeruginosa	2
Pseudom_aeru_GCF_013394455_1	Pseudomonas aeruginosa	2
Pseudom_aeru_GCF_013394475_2	Pseudomonas aeruginosa	2
Pseudom_aeru_GCF_013395035_1	Pseudomonas aeruginosa	2
Pseudom_aeru_GCF_013467585_1	Pseudomonas aeruginosa	2
Pseudom_aeru_GCF_013467605_1	Pseudomonas aeruginosa	2
Pseudom_aeru_GCF_014155905_1	Pseudomonas aeruginosa	2
Pseudom_aeru_GCF_014217315_1	Pseudomonas aeruginosa	2
Pseudom_aeru_GCF_014467035_1	Pseudomonas aeruginosa	2
Pseudom_aeru_GCF_014490645_1	Pseudomonas aeruginosa	2
Pseudom_aeru_GCF_014792125_1	Pseudomonas aeruginosa	2
Pseudom_aeru_GCF_014854655_1	Pseudomonas aeruginosa	2
Pseudom_aeru_GCF_014930935_1	Pseudomonas aeruginosa	2
Pseudom_aeru_GCF_015697465_1	Pseudomonas aeruginosa	2
Pseudom_aeru_GCF_015697605_1	Pseudomonas aeruginosa	2
Pseudom_aeru_GCF_015697645_1	Pseudomonas aeruginosa	2
Pseudom_aeru_GCF_015697665_1	Pseudomonas aeruginosa	2
Pseudom_aeru_GCF_015832055_1	Pseudomonas aeruginosa	2
Pseudom_aeru_GCF_015832075_1	Pseudomonas aeruginosa	2
Pseudom_aeru_GCF_016064595_1	Pseudomonas aeruginosa	2
Pseudom_aeru_GCF_016105505_1	Pseudomonas aeruginosa	2
Pseudom_aeru_GCF_016105665_1	Pseudomonas aeruginosa	2
Pseudom_aeru_GCF_016105885_1	Pseudomonas aeruginosa	2
Pseudom_aeru_GCF_016107485_1	Pseudomonas aeruginosa	2
Pseudom_aeru_GCF_016126955_1	Pseudomonas aeruginosa	2
Pseudom_aeru_GCF_016134915_1	Pseudomonas aeruginosa	2
Pseudom_aeru_GCF_016584725_1	Pseudomonas aeruginosa	2
Pseudom_aeru_GCF_016743035_1	Pseudomonas aeruginosa	2
Pseudom_aeru_GCF_016743115_1	Pseudomonas aeruginosa	2
Pseudom_aeru_GCF_016745115_1	Pseudomonas aeruginosa	2
Pseudom_aeru_GCF_016745135_1	Pseudomonas aeruginosa	2
Pseudom_aeru_GCF_016745155_1	Pseudomonas aeruginosa	2
Pseudom_aeru_GCF_016745175_1	Pseudomonas aeruginosa	2
Pseudom_aeru_GCF_016745195_1	Pseudomonas aeruginosa	2
Pseudom_aeru_GCF_016811975_1	Pseudomonas aeruginosa	2
Pseudom_aeru_GCF_016864415_1	Pseudomonas aeruginosa	2
Pseudom_aeru_GCF_016925455_1	Pseudomonas aeruginosa	2
Pseudom_aeru_GCF_016925475_1	Pseudomonas aeruginosa	2
Pseudom_aeru_GCF_017378395_1	Pseudomonas aeruginosa	2
Pseudom_aeru_GCF_017378475_1	Pseudomonas aeruginosa	2
Pseudom_aeru_GCF_017900915_1	Pseudomonas aeruginosa	2
Pseudom_aeru_GCF_018138045_1	Pseudomonas aeruginosa	2
Pseudom_aeru_GCF_018138065_1	Pseudomonas aeruginosa	2
Pseudom_aeru_GCF_018141565_1	Pseudomonas aeruginosa	2
Pseudom_aeru_GCF_018141625_1	Pseudomonas aeruginosa	2
Pseudom_aeru_GCF_018141645_1	Pseudomonas aeruginosa	2
Pseudom_aeru_GCF_018279245_1	Pseudomonas aeruginosa	2
Pseudom_aeru_GCF_018279265_1	Pseudomonas aeruginosa	2
Pseudom_aeru_GCF_018279285_1	Pseudomonas aeruginosa	2
Pseudom_aeru_GCF_018279305_1	Pseudomonas aeruginosa	2
Pseudom_aeru_GCF_018409365_1	Pseudomonas aeruginosa	2
Pseudom_aeru_GCF_018448985_1	Pseudomonas aeruginosa	2
Pseudom_aeru_GCF_018598285_3	Pseudomonas aeruginosa	2
Pseudom_aeru_GCF_018986715_1	Pseudomonas aeruginosa	2
Pseudom_aeru_GCF_019364615_1	Pseudomonas aeruginosa	2
Pseudom_aeru_GCF_019378915_1	Pseudomonas aeruginosa	2
Pseudom_aeru_GCF_019379355_1	Pseudomonas aeruginosa	2
Pseudom_aeru_GCF_019434075_1	Pseudomonas aeruginosa	2
Pseudom_aeru_GCF_019434095_1	Pseudomonas aeruginosa	2
Pseudom_aeru_GCF_019434135_1	Pseudomonas aeruginosa	2
Pseudom_aeru_GCF_019434235_1	Pseudomonas aeruginosa	2
Pseudom_aeru_GCF_019443665_1	Pseudomonas aeruginosa	2
Pseudom_aeru_GCF_019466095_1	Pseudomonas aeruginosa	2
Pseudom_aeru_GCF_019466145_1	Pseudomonas aeruginosa	2
Pseudom_aeru_GCF_019710495_1	Pseudomonas aeruginosa	2
Pseudom_aeru_GCF_019711215_1	Pseudomonas aeruginosa	2
Pseudom_aeru_GCF_019720855_1	Pseudomonas aeruginosa	2
Pseudom_aeru_GCF_019720875_1	Pseudomonas aeruginosa	2
Pseudom_aeru_GCF_019738995_1	Pseudomonas aeruginosa	2
Pseudom_aeru_GCF_019857245_1	Pseudomonas aeruginosa	2
Pseudom_aeru_GCF_019857265_1	Pseudomonas aeruginosa	2
Pseudom_aeru_GCF_019857285_1	Pseudomonas aeruginosa	2
Pseudom_aeru_GCF_019857305_1	Pseudomonas aeruginosa	2
Pseudom_aeru_GCF_019857325_1	Pseudomonas aeruginosa	2
Pseudom_aeru_GCF_019857345_1	Pseudomonas aeruginosa	2
Pseudom_aeru_GCF_019857365_1	Pseudomonas aeruginosa	2
Pseudom_aeru_GCF_019857405_1	Pseudomonas aeruginosa	2
Pseudom_aeru_GCF_019857425_1	Pseudomonas aeruginosa	2
Pseudom_aeru_GCF_019857445_1	Pseudomonas aeruginosa	2
Pseudom_aeru_GCF_019857465_1	Pseudomonas aeruginosa	2
Pseudom_aeru_GCF_019857485_1	Pseudomonas aeruginosa	2
Pseudom_aeru_GCF_019857505_1	Pseudomonas aeruginosa	2
Pseudom_aeru_GCF_019857525_1	Pseudomonas aeruginosa	2
Pseudom_aeru_GCF_019857545_1	Pseudomonas aeruginosa	2
Pseudom_aeru_GCF_019857565_1	Pseudomonas aeruginosa	2
Pseudom_aeru_GCF_019857585_1	Pseudomonas aeruginosa	2
Pseudom_aeru_GCF_019857605_1	Pseudomonas aeruginosa	2
Pseudom_aeru_GCF_019857625_1	Pseudomonas aeruginosa	2
Pseudom_aeru_GCF_019857645_1	Pseudomonas aeruginosa	2
Pseudom_aeru_GCF_019915445_1	Pseudomonas aeruginosa	2
Pseudom_aeru_GCF_019915465_1	Pseudomonas aeruginosa	2
Pseudom_aeru_GCF_019915485_1	Pseudomonas aeruginosa	2
Pseudom_aeru_GCF_020771675_1	Pseudomonas aeruginosa	2
Pseudom_aeru_GCF_020771755_1	Pseudomonas aeruginosa	2
Pseudom_aeru_GCF_020990445_1	Pseudomonas aeruginosa	2
Pseudom_aeru_GCF_020990465_1	Pseudomonas aeruginosa	2
Pseudom_aeru_GCF_020990485_1	Pseudomonas aeruginosa	2
Pseudom_aeru_GCF_021166255_1	Pseudomonas aeruginosa	2
Pseudom_aeru_GCF_021166275_1	Pseudomonas aeruginosa	2
Pseudom_aeru_GCF_021166315_1	Pseudomonas aeruginosa	2
Pseudom_aeru_GCF_021166335_1	Pseudomonas aeruginosa	2
Pseudom_aeru_GCF_021166355_1	Pseudomonas aeruginosa	2
Pseudom_aeru_GCF_021166375_1	Pseudomonas aeruginosa	2
Pseudom_aeru_GCF_021184245_1	Pseudomonas aeruginosa	2
Pseudom_aeru_GCF_021184265_1	Pseudomonas aeruginosa	2
Pseudom_aeru_GCF_021249245_1	Pseudomonas aeruginosa	2
Pseudom_aeru_GCF_021266605_1	Pseudomonas aeruginosa	2
Pseudom_aeru_GCF_021378395_1	Pseudomonas aeruginosa	2
Pseudom_aeru_GCF_021398755_1	Pseudomonas aeruginosa	2
Pseudom_aeru_GCF_021460035_1	Pseudomonas aeruginosa	2
Pseudom_aeru_GCF_021497285_1	Pseudomonas aeruginosa	2
Pseudom_aeru_GCF_021497305_1	Pseudomonas aeruginosa	2
Pseudom_aeru_GCF_021497325_1	Pseudomonas aeruginosa	2
Pseudom_aeru_GCF_021497345_1	Pseudomonas aeruginosa	2
Pseudom_aeru_GCF_021497365_1	Pseudomonas aeruginosa	2
Pseudom_aeru_GCF_021497385_1	Pseudomonas aeruginosa	2
Pseudom_aeru_GCF_021497405_1	Pseudomonas aeruginosa	2
Pseudom_aeru_GCF_021497425_1	Pseudomonas aeruginosa	2
Pseudom_aeru_GCF_021497445_1	Pseudomonas aeruginosa	2
Pseudom_aeru_GCF_021513295_1	Pseudomonas aeruginosa	2
Pseudom_aeru_GCF_021513375_1	Pseudomonas aeruginosa	2
Pseudom_aeru_GCF_021513395_1	Pseudomonas aeruginosa	2
Pseudom_aeru_GCF_021513415_1	Pseudomonas aeruginosa	2
Pseudom_aeru_GCF_021513435_1	Pseudomonas aeruginosa	2
Pseudom_aeru_GCF_021513455_1	Pseudomonas aeruginosa	2
Pseudom_aeru_GCF_021513475_1	Pseudomonas aeruginosa	2
Pseudom_aeru_GCF_021513495_1	Pseudomonas aeruginosa	2
Pseudom_aeru_GCF_021513515_1	Pseudomonas aeruginosa	2
Pseudom_aeru_GCF_021513535_1	Pseudomonas aeruginosa	2
Pseudom_aeru_GCF_021513555_1	Pseudomonas aeruginosa	2
Pseudom_aeru_GCF_021513575_1	Pseudomonas aeruginosa	2
Pseudom_aeru_GCF_021513595_1	Pseudomonas aeruginosa	2
Pseudom_aeru_GCF_021513615_1	Pseudomonas aeruginosa	2
Pseudom_aeru_GCF_021513635_1	Pseudomonas aeruginosa	2
Pseudom_aeru_GCF_021513675_1	Pseudomonas aeruginosa	2
Pseudom_aeru_GCF_022453765_1	Pseudomonas aeruginosa	2
Pseudom_aeru_GCF_022453825_1	Pseudomonas aeruginosa	2
Pseudom_aeru_GCF_900070375_1	Pseudomonas aeruginosa	2
Pseudom_aeru_GCF_900095805_1	Pseudomonas aeruginosa	2
Pseudom_aeru_GCF_900149285_1	Pseudomonas aeruginosa	2
Pseudom_aeru_GCF_900243355_1	Pseudomonas aeruginosa	2
Pseudom_aeru_GCF_900497025_1	Pseudomonas aeruginosa	2
Pseudom_aeru_GCF_900618245_1	Pseudomonas aeruginosa	2
Pseudom_aeru_GCF_900618255_1	Pseudomonas aeruginosa	2
Pseudom_aeru_GCF_900618265_1	Pseudomonas aeruginosa	2
Pseudom_aeru_GCF_900618275_1	Pseudomonas aeruginosa	2
Pseudom_aeru_GCF_900618285_1	Pseudomonas aeruginosa	2
Pseudom_aeru_GCF_900618305_1	Pseudomonas aeruginosa	2
Pseudom_aeru_GCF_900618315_1	Pseudomonas aeruginosa	2
Pseudom_aeru_GCF_900618325_1	Pseudomonas aeruginosa	2
Pseudom_aeru_GCF_900618335_1	Pseudomonas aeruginosa	2
Pseudom_aeru_GCF_900636735_1	Pseudomonas aeruginosa	2
Pseudom_aeru_GCF_900636755_1	Pseudomonas aeruginosa	2
Pseudom_aeru_GCF_900636975_1	Pseudomonas aeruginosa	2
Pseudom_aeru_GCF_900637045_1	Pseudomonas aeruginosa	2
Pseudom_aeru_GCF_902703185_1	Pseudomonas aeruginosa	2
Pseudom_aeru_GCF_902703195_1	Pseudomonas aeruginosa	2
Pseudom_aeru_GCF_902703215_1	Pseudomonas aeruginosa	2
Pseudom_aeru_GCF_904866275_1	Pseudomonas aeruginosa	2
Pseudom_aeru_GCF_905071885_1	Pseudomonas aeruginosa	2
Pseudom_aeru_LES431_GCF_000508765_1	Pseudomonas aeruginosa	2
Pseudom_aeru_LESB58_GCF_000026645_1	Pseudomonas aeruginosa	2
Pseudom_aeru_M18_GCF_000226155_1	Pseudomonas aeruginosa	2
Pseudom_aeru_MTB_1_GCF_000504045_1	Pseudomonas aeruginosa	2
Pseudom_aeru_NCGM2_S1_GCF_000284555_1	Pseudomonas aeruginosa	2
Pseudom_aeru_PA1_GCF_000496605_2	Pseudomonas aeruginosa	2
Pseudom_aeru_PA7_GCF_000017205_1	Pseudomonas aeruginosa	2
Pseudom_aeru_PAO1	Pseudomonas aeruginosa	2
Pseudom_aeru_PAO1_GCF_013001005_1	Pseudomonas aeruginosa	2
Pseudom_aeru_RP73_GCF_000414035_1	Pseudomonas aeruginosa	2
Pseudom_aeru_SCV20265_GCF_000510305_1	Pseudomonas aeruginosa	2
Pseudom_aeru_SG17M_GCF_020978345_1	Pseudomonas aeruginosa	2
Pseudom_aeru_SJTD_1_GCF_000271985_2	Pseudomonas aeruginosa	2
Pseudom_aeru_UCBPP_PA14_GCF_000014625_1	Pseudomonas aeruginosa	2
Pseudom_aeru_VRFPA04_GCF_000473745_2	Pseudomonas aeruginosa	2
Pseudom_aeru_YL84_GCF_000524595_1	Pseudomonas aeruginosa	2
Pseudom_puti_H8234_GCF_000410575_1	Pseudomonas putida	2
Rod_haemolyticus_GCF_015356115_1	Rodentibacter haemolyticus	2
Rod_hey_GCF_010587025_1	Rodentibacter heylii	2
Se_marc_GCF_003516165_1	Serratia marcescens	2
Se_nematod_GCF_004768745_1	Serratia nematodiphila	2
Se_qui_GCF_900638135_1	Serratia quinivorans	2
Se_sur_GCF_001642805_2	Serratia surfactantfaciens	2
Se_ure_GCF_017309605_1	Serratia ureilytica	2
She_algae_GCF_003721455_1	Shewanella algae	2
She_algae_GCF_009183365_2	Shewanella algae	2
She_algae_GCF_009730655_1	Shewanella algae	2
She_algae_GCF_009846595_1	Shewanella algae	2
She_algae_GCF_014263185_1	Shewanella algae	2
She_algae_GCF_014702225_1	Shewanella algae	2
She_algae_GCF_017570045_1	Shewanella algae	2
She_algae_GCF_017570125_1	Shewanella algae	2
She_algae_GCF_017570325_1	Shewanella algae	2
She_algae_GCF_018799065_1	Shewanella algae	2
She_algae_GCF_019265005_1	Shewanella algae	2
She_algae_GCF_019265025_1	Shewanella algae	2
She_algae_GCF_019265045_1	Shewanella algae	2
She_algae_GCF_019670525_1	Shewanella algae	2
She_algae_GCF_019670545_1	Shewanella algae	2
She_algae_GCF_019670585_1	Shewanella algae	2
She_algae_GCF_019670605_1	Shewanella algae	2
She_algae_GCF_019670625_1	Shewanella algae	2
She_algae_GCF_019670645_1	Shewanella algae	2
She_algae_GCF_019670665_1	Shewanella algae	2
She_algae_GCF_019670685_1	Shewanella algae	2
Vi_alf_GCF_019670485_1	Vibrio alfacsensis	2
Vi_antiq_GCF_000024825_1	Vibrio antiquarius	2
Vi_campb_GCF_002906475_1	Vibrio campbellii	2
Vi_fluv_GCF_001558415_2	Vibrio fluvialis	2
Vi_fur_GCF_006364355_1	Vibrio furnissii	2
Vi_har_GCF_000770115_1	Vibrio harveyi	2
Vi_jas_090810c_GCF_002887615_1	Vibrio jasicida	2
Vi_nat_NBRC_15636_ATCC_14048_DSM_759_GCF_001456255_1	Vibrio natriegens	2
Vi_owe_GCF_002021755_1	Vibrio owensii	2
Vi_parah_RIMD_2210633_GCF_000196095_1	Vibrio parahaemolyticus	2
Vi_rot_GCF_002214395_1	Vibrio rotiferianus	2
Vi_tap_tapetis_GCF_900233005_1	Vibrio tapetis	2
Xe_bud_GCF_017743015_1	Xenorhabdus budapestensis	2
Aerom_hydrop_GCF_017310215_1	Aeromonas hydrophila	3
Ali_salmonic_LFI1238_GCF_000196495_1	Aliivibrio salmonicida	3
Ci_braa_GCF_009648935_1	Citrobacter braakii	3
Haf_paral_GCF_020150375_1	Hafnia paralvei	3
Sta_aure_aureus_NCTC_8325	Staphylococcus aureus	3
Vi_pon_GCF_009938225_1	Vibrio ponticus	3
Vi_tak_GCF_009938185_1	Vibrio taketomensis	3
Photob_dam_GCF_009665375_1	Photobacterium damselae	4
Photob_gae_Gung47_GCF_000940995_1	Photobacterium gaetbulicola	4
Photob_gan_GCF_017329545_1	Photobacterium ganghwense	4
